Bag_Name,Population,Replicate,Generation,Host,Approx_no_days_post_host_shift,Start_date,End_date,No_days_since_last_collection,Total_number_days_post_host_shift,Link_to_photo,Photo_Name,Freezer_box_name,Collector_Name,Freezer_box_location,Count,Total Area,Average Size,%Area,0_Index,
BF1F3L,BF,1,3,L,160,12/6/2017,5/15/2018,160,160,,BF_1_160.jpg,POP ASSAYS REP 1,Taylor Turner,,,,,,1,
BZ1F3L,BZ,1,3,L,160,12/6/2017,5/15/2018,160,160,,BZ_1_160.jpg,POP ASSAYS REP 1,Taylor Turner,,,,,,2,
CA1F3L,CA,1,3,L,160,12/6/2017,5/15/2018,160,160,,CA_1_160.jpg,POP ASSAYS REP 1,Taylor Turner,,,,,,3,
BF/BZ1F3L,BF/BZ,1,3,L,160,12/6/2017,5/15/2018,160,160,,BF_BZ_1_160.jpg,POP ASSAYS REP 1,Taylor Turner,,,,,,4,
BF/CA1F3L,BF/CA,1,3,L,160,12/6/2017,5/15/2018,160,160,,BF_CA_1_160.jpg,POP ASSAYS REP 1,Taylor Turner,,,,,,5,
BZ/CA1F3L,BZ/CA,1,3,L,160,12/6/2017,5/15/2018,160,160,,BZ_CA_1_160.jpg,POP ASSAYS REP 1,Taylor Turner,,,,,,6,
CA1F3L,CA,1,3,L,120,1/22/2018,5/15/2018,113,160,,CA_1_120.jpg,POP ASSAYS REP 1,Taylor Turner,,,,,,7,*not sure what the heck this bag is; Taylor made it and the label makes no sense
BF1F3L,BF,1,3,L,200,5/15/2018,6/24/2018,40,200,,BF_1_200.jpg,POP ASSAYS REP 1,Amy Springer,,,,,,8,
BZ1F3L,BZ,1,3,L,200,5/15/2018,6/24/2018,40,200,,BZ_1_200.jpg,POP ASSAYS REP 1,Amy Springer,,,,,,9,
CA1F3L,CA,1,3,L,200,5/15/2018,6/24/2018,40,200,,CA_1_200.jpg,POP ASSAYS REP 1,Amy Springer,,,,,,10,
BF/BZ1F3L,BF/BZ,1,3,L,200,5/15/2018,6/24/2018,40,200,,BF_BZ_1_200.jpg,POP ASSAYS REP 1,Amy Springer,,,,,,11,
BF/CA1F3L,BF/CA,1,3,L,200,5/15/2018,6/24/2018,40,200,,BF_CA_1_200.jpg,POP ASSAYS REP 1,Amy Springer,,,,,,12,
BZ/CA1F3L,BZ/CA,1,3,L,200,5/15/2018,6/24/2018,40,200,,BZ_CA_1_200.jpg,POP ASSAYS REP 1,Amy Springer,,,,,,13,
BF1F3L,BF,1,3,L,220,6/24/2018,7/14/2018,20,220,,BF_1_220.jpg,POP ASSAYS REP 1,Taylor Turner,,,,,,14,
BF1F3L,BF,1,3,L,240,7/14/2018,8/3/2018,20,240,,BF_1_240.jpg,POP ASSAYS REP 1,Amy Springer,,,,,,15,
BF1F3L,BF,1,3,L,280,8/3/2018,9/12/2018,40,280,,BF_1_280.jpg,POP ASSAYS REP 1,Amy Springer,,,,,,16,
BF2F3L,BF,2,3,L,100,1/8/2018,4/18/2018,100,100,,BF_2_100.jpg,POP ASSAYS REP 2,Amy Springer,,72,192.853,2.679,0.523,17,
BZ2F3L,BZ,2,3,L,100,1/8/2018,4/18/2018,100,100,,BZ_2_100.jpg,POP ASSAYS REP 2,Amy Springer,,1548,6091.049,3.935,1.787,18,
CA2F3L,CA,2,3,L,100,1/8/2018,4/18/2018,100,100,,CA_2_100.jpg,POP ASSAYS REP 2,Amy Springer,,3866,14922.35,3.86,3.552,19,
BF/BZ2F3L,BF/BZ,2,3,L,100,1/8/2018,4/18/2018,100,100,,BF_BZ_2_100.jpg,POP ASSAYS REP 2,Amy Springer,,1098,3668.873,3.341,1.315,20,
BF/CA2F3L,BF/CA,2,3,L,100,1/8/2018,4/18/2018,100,100,,BF_CA_2_100.jpg,POP ASSAYS REP 2,Amy Springer,,2375,7853.484,3.307,2.285,21,
BZ/CA2F3L,BZ/CA,2,3,L,100,1/8/2018,4/18/2018,100,100,,BZ_CA_2_100.jpg,POP ASSAYS REP 2,Amy Springer,,1511,5464.53,3.616,1.646,22,
BF2F3L,BF,2,3,L,120,4/18/2018,5/15/2018,27,127,,BF_2_120.jpg,POP ASSAYS REP 2,Taylor Turner,,42,131.534,3.132,1.187,23,
BZ2F3L,BZ,2,3,L,120,4/18/2018,5/15/2018,27,127,,BZ_2_120.jpg,POP ASSAYS REP 2,Taylor Turner,,442,1166.635,2.639,0.578,24,
CA2F3L,CA,2,3,L,120,4/18/2018,5/15/2018,27,127,,CA_2_120.jpg,POP ASSAYS REP 2,Taylor Turner,,942,2861.285,3.037,1.008,25,
BF/BZ2F3L,BF/BZ,2,3,L,120,4/18/2018,5/15/2018,27,127,,BF_BZ_2_120.jpg,POP ASSAYS REP 2,Taylor Turner,,838,2649.65,3.162,0.965,26,
BF/CA2F3L,BF/CA,2,3,L,120,4/18/2018,5/15/2018,27,127,,BF_CA_2_120.jpg,POP ASSAYS REP 2,Taylor Turner,,1324,3925.02,2.965,1.295,27,
BZ/CA2F3L,BZ/CA,2,3,L,120,4/18/2018,5/15/2018,27,127,,BZ_CA_2_120.jpg,POP ASSAYS REP 2,Taylor Turner,,544,1894.721,3.483,0.886,28,
BF2F3L,BF,2,3,L,140,5/15/2018,5/30/2018,15,142,,BF_2_140.jpg,POP ASSAYS REP 2,Taylor Turner,,14,46.536,3.324,0.245,29,
BZ2F3L,BZ,2,3,L,140,5/15/2018,5/30/2018,15,142,,BZ_2_140.jpg,POP ASSAYS REP 2,Taylor Turner,,378,1182.71,3.129,0.601,30,
CA2F3L,CA,2,3,L,140,5/15/2018,5/30/2018,15,142,,CA_2_140.jpg,POP ASSAYS REP 2,Taylor Turner,,699,1920.672,2.748,0.847,31,
BF/BZ2F3L,BF/BZ,2,3,L,140,5/15/2018,5/30/2018,15,142,,BF_BZ_2_140.jpg,POP ASSAYS REP 2,Taylor Turner,,686,2109.389,3.075,0.907,32,
BF/CA2F3L,BF/CA,2,3,L,140,5/15/2018,5/30/2018,15,142,,BF_CA_2_140.jpg,POP ASSAYS REP 2,Taylor Turner,,540,1774.012,3.285,0.856,33,
BZ/CA2F3L,BZ/CA,2,3,L,140,5/15/2018,5/30/2018,15,142,,BZ_CA_2_140.jpg,POP ASSAYS REP 2,Taylor Turner,,361,1053.437,2.918,0.648,34,
BF2F3L,BF,2,3,L,160,5/30/2018,6/17/2018,18,160,,BF_2_160.jpg,POP ASSAYS REP 2,Amy Springer,,49,178.353,3.64,0.912,35,
BZ2F3L,BZ,2,3,L,160,5/30/2018,6/17/2018,18,160,,BZ_2_160.jpg,POP ASSAYS REP 2,Amy Springer,,1150,4015.338,3.492,1.18,36,
CA2F3L,CA,2,3,L,160,5/30/2018,6/17/2018,18,160,,CA_2_160.jpg,POP ASSAYS REP 2,Amy Springer,,2651,8617.727,3.251,2.296,37,
BF/BZ2F3L,BF/BZ,2,3,L,160,5/30/2018,6/17/2018,18,160,,BF_BZ_2_160.jpg,POP ASSAYS REP 2,Amy Springer,,3194,12063.22,3.777,3.094,38,
BF/CA2F3L,BF/CA,2,3,L,160,5/30/2018,6/17/2018,18,160,,BF_CA_2_160.jpg,POP ASSAYS REP 2,Amy Springer,,4181,15030.27,3.595,3.583,39,
BZ/CA2F3L,BZ/CA,2,3,L,160,5/30/2018,6/17/2018,18,160,,BZ_CA_2_160.jpg,POP ASSAYS REP 2,Amy Springer,,1733,6428.4,3.709,1.786,40,
BF2F3L,BF,2,3,L,180,6/17/2018,7/7/2018,20,180,,BF_2_180.jpg,POP ASSAYS REP 2,Amy Springer,,81,325.439,4.018,1.077,41,
BZ2F3L,BZ,2,3,L,180,6/17/2018,7/7/2018,20,180,,BZ_2_180.jpg,POP ASSAYS REP 2,Amy Springer,,2201,9027.312,4.101,2.357,42,
CA2F3L,CA,2,3,L,180,6/17/2018,7/7/2018,20,180,,CA_2_180.jpg,POP ASSAYS REP 2,Amy Springer,,2535,7892.761,3.114,2.178,43,
BF2F3L,BF,2,3,L,200,7/7/2018,7/29/2018,22,202,,BF_2_200.jpg,POP ASSAYS REP 2,Taylor Turner,,153,538.372,3.519,1.192,44,
CA2F3L,CA,2,3,L,200,7/7/2018,7/29/2018,22,202,,CA_2_200.jpg,POP ASSAYS REP 2,Taylor Turner,,1420,4797.486,3.379,1.744,45,
CA2F3L,CA,2,3,L,209,7/29/2018,8/7/2018,9,211,,CA_2_209.jpg,POP ASSAYS REP 2,Amy Springer,,1614,5853.038,3.626,1.548,46,*at 209 days this jar was placed into standard culture. 
BF2F3L,BF,2,3,L,220,7/29/2018,8/17/2018,19,221,,BF_2_220.jpg,POP ASSAYS REP 2,Taylor Turner,,393,1504.03,3.827,1.157,47,
BF2F3L,BF,2,3,L,240,8/17/2018,9/6/2018,20,241,,BF_2_240.jpg,POP ASSAYS REP 2,Amy Springer,,1287,4640.944,3.606,1.368,48,
BF2F3L,BF,2,3,L,260,9/6/2018,9/27/2018,21,262,,BF_2_260.jpg,POP ASSAYS REP 2,Amy Springer,,3401,11776.12,3.463,2.717,49,
BF2F3L,BF,2,3,L,280,9/27/2018,10/6/2018,9,271,,BF_2_280.jpg,POP ASSAYS REP 2,Amy Springer,,1883,6276.513,3.333,1.903,50,*placed in standard culture; not 20 period
BF3F3L,BF,3,3,L,100,1/8/2018,4/18/2018,100,100,,BF_3_100.jpg,POP ASSAYS REP 3,Amy Springer,,84,255.009,3.036,0.76,51,
BZ3F3L,BZ,3,3,L,100,1/8/2018,4/18/2018,100,100,,BZ_3_100.jpg,POP ASSAYS REP 3,,,796,2804.248,3.523,0.985,52,
CA3F3L,CA,3,3,L,100,1/8/2018,4/18/2018,100,100,,CA_3_100.jpg,POP ASSAYS REP 3,,,2439,7877.921,3.23,2.365,53,
BF/BZ3F3L,BF/BZ,3,3,L,100,1/8/2018,4/18/2018,100,100,,BF_BZ_3_100.jpg,POP ASSAYS REP 3,,,677,1508.343,2.228,0.831,54,
BF/CA3F3L,BF/CA,3,3,L,100,1/8/2018,4/18/2018,100,100,,BF_CA_3_100.jpg,POP ASSAYS REP 3,,,2647,7973.016,3.012,2.277,55,
BZ/CA3F3L,BZ/CA,3,3,L,100,1/8/2018,4/18/2018,100,100,,BZ_CA_3_100.jpg,POP ASSAYS REP 3,,,2195,6140.938,2.798,1.805,56,
BF3F3L,BF,3,3,L,120,4/18/2018,5/15/2018,27,127,,BF_3_120.jpg,POP ASSAYS REP 3,Taylor Turner,,19,59.42,3.127,0.736,57,
BZ3F3L,BZ,3,3,L,120,4/18/2018,5/15/2018,27,127,,BZ_3_120.jpg,POP ASSAYS REP 3,,,285,851.522,2.988,0.73,58,
CA3F3L,CA,3,3,L,120,4/18/2018,5/15/2018,27,127,,CA_3_120.jpg,POP ASSAYS REP 3,,,976,2902.441,2.974,1.041,59,
BF/BZ3F3L,BF/BZ,3,3,L,120,4/18/2018,5/15/2018,27,127,,BF_BZ_3_120.jpg,POP ASSAYS REP 3,,,378,969.693,2.565,0.57,60,
BF/CA3F3L,BF/CA,3,3,L,120,4/18/2018,5/15/2018,27,127,,BF_CA_3_120.jpg,POP ASSAYS REP 3,,,1001,2501.438,2.499,0.888,61,
BZ/CA3F3L,BZ/CA,3,3,L,120,4/18/2018,5/15/2018,27,127,,BZ_CA_3_120.jpg,POP ASSAYS REP 3,,,693,1998.397,2.884,0.972,62,
BF3F3L,BF,3,3,L,140,5/15/2018,5/30/2018,15,142,,BF_3_140.jpg,POP ASSAYS REP 3,Taylor Turner,,7,22.161,3.166,0.645,63,
BZ3F3L,BZ,3,3,L,140,5/15/2018,5/30/2018,15,142,,BZ_3_140.jpg,POP ASSAYS REP 3,,,226,597.849,2.645,0.623,64,
CA3F3L,CA,3,3,L,140,5/15/2018,5/30/2018,15,142,,CA_3_140.jpg,POP ASSAYS REP 3,,,557,1427.012,2.562,1.021,65,
BF/BZ3F3L,BF/BZ,3,3,L,140,5/15/2018,5/30/2018,15,142,,BF_BZ_3_140.jpg,POP ASSAYS REP 3,,,619,1802.687,2.912,1.105,66,
BF/CA3F3L,BF/CA,3,3,L,140,5/15/2018,5/30/2018,15,142,,BF_CA_3_140.jpg,POP ASSAYS REP 3,,,823,2067.854,2.513,1.075,67,
BZ/CA3F3L,BZ/CA,3,3,L,140,5/15/2018,5/30/2018,15,142,,BZ_CA_3_140.jpg,POP ASSAYS REP 3,,,890,2555.419,2.871,1.229,68,
BF3F3L,BF,3,3,L,160,5/30/2018,6/17/2018,18,160,,BF_3_160.jpg,POP ASSAYS REP 3,Amy Springer,,31,85.734,2.766,1.18,69,
BZ3F3L,BZ,3,3,L,160,5/30/2018,6/17/2018,18,160,,BZ_3_160.jpg,POP ASSAYS REP 3,,,938,2945.935,3.141,1.308,70,
CA3F3L,CA,3,3,L,160,5/30/2018,6/17/2018,18,160,,CA_3_160.jpg,POP ASSAYS REP 3,,,2266,6947.421,3.066,2.461,71,
BF/BZ3F3L,BF/BZ,3,3,L,160,5/30/2018,6/17/2018,18,160,,BF_BZ_3_160.jpg,POP ASSAYS REP 3,,,1978,6705.297,3.39,1.846,72,
BF/CA3F3L,BF/CA,3,3,L,160,5/30/2018,6/17/2018,18,160,,BF_CA_3_160.jpg,POP ASSAYS REP 3,,,3892,11579.26,2.975,2.907,73,
BZ/CA3F3L,BZ/CA,3,3,L,160,5/30/2018,6/17/2018,18,160,,BZ_CA_3_160.jpg,POP ASSAYS REP 3,,,2159,7083.63,3.281,2.093,74,
BF3F3L,BF,3,3,L,180,6/17/2018,7/7/2018,20,180,,BF_3_180.jpg,POP ASSAYS REP 3,,,32,111.154,3.474,1.262,75,
BZ3F3L,BZ,3,3,L,180,6/17/2018,7/7/2018,20,180,,BZ_3_180.jpg,POP ASSAYS REP 3,,,1693,5356.995,3.164,1.676,76,
CA3F3L,CA,3,3,L,180,6/17/2018,7/7/2018,20,180,,CA_3_180.jpg,POP ASSAYS REP 3,,,2855,9413.265,3.297,2.751,77,
BF3F3L,BF,3,3,L,200,7/7/2018,7/29/2018,22,202,,BF_3_200.jpg,POP ASSAYS REP 3,Taylor Turner,,127,466.56,3.674,1.127,78,
BF3F3L,BF,3,3,L,220,7/29/2018,8/17/2018,19,221,,BF_3_220.jpg,POP ASSAYS REP 3,,,237,697.869,2.945,0.969,79,
BF3F3L,BF,3,3,L,240,8/17/2018,9/6/2018,20,241,,BF_3_240.jpg,POP ASSAYS REP 3,Amy Springer,,858,2557.294,2.981,1.242,80,
BF3F3L,BF,3,3,L,260,9/6/2018,9/27/2018,21,262,,BF_3_260.jpg,POP ASSAYS REP 3,Amy Springer,,1768,5987.156,3.386,2.076,81,
BF3F3L,BF,3,3,L,280,9/27/2018,10/6/2018,9,271,,BF_3_280.jpg,POP ASSAYS REP 3,Amy Springer,,765,2065.258,2.7,0.832,82,
BF4F3L,BF,4,3,L,80,2/6/2018,4/27/2018,80,80,,BF_4_80.jpg,POP ASSAYS REP 4,,,84,241.375,2.874,0.729,83,*rep 4 imaged on image J before all the rest (like a year before)
BZ4F3L,BZ,4,3,L,80,2/7/2018,4/27/2018,79,80,,BZ_4_80.jpg,POP ASSAYS REP 4,,,654,2310.808,3.533,2.307,84,
CA4F3L,CA,4,3,L,80,2/7/2018,4/27/2018,79,80,,CA_4_80.jpg,POP ASSAYS REP 4,,,1438,3843.524,2.673,1.364,85,
BF/BZ4F3L,BF/BZ,4,3,L,80,2/6/2018,4/27/2018,80,80,,BF_BZ_4_80.jpg,POP ASSAYS REP 4,,,507,1619.144,3.194,1.213,86,
BF/CA4F3L,BF/CA,4,3,L,80,2/6/2018,4/27/2018,80,80,,BF_CA_4_80.jpg,POP ASSAYS REP 4,,,1224,3357.426,2.743,1.183,87,
BZ/CA4F3L,BZ/CA,4,3,L,80,2/6/2018,4/27/2018,80,80,,BZ_CA_4_80.jpg,POP ASSAYS REP 4,,,1552,5529.63,3.563,2.237,88,
BF4F3L,BF,4,3,L,100,4/27/2018,5/21/2018,24,104,,BF_4_100.jpg,POP ASSAYS REP 4,,,17,62.66,3.686,1.118,89,
BZ4F3L,BZ,4,3,L,100,4/27/2018,5/21/2018,24,104,,BZ_4_100.jpg,POP ASSAYS REP 4,,,323,1147.792,3.554,0.971,90,
CA4F3L,CA,4,3,L,100,4/27/2018,5/21/2018,24,104,,CA_4_100.jpg,POP ASSAYS REP 4,,,757,2244.219,2.965,1.017,91,
BF/BZ4F3L,BF/BZ,4,3,L,100,4/27/2018,5/21/2018,24,104,,BF_BZ_4_100.jpg,POP ASSAYS REP 4,,,214,624.376,2.918,0.832,92,
BF/CA4F3L,BF/CA,4,3,L,100,4/27/2018,5/21/2018,24,104,,BF_CA_4_100.jpg,POP ASSAYS REP 4,,,834,2507.437,3.007,0.643,93,
BZ/CA4F3L,BZ/CA,4,3,L,100,4/27/2018,5/21/2018,24,104,,BZ_CA_4_100.jpg,POP ASSAYS REP 4,,,788,2587.086,3.283,1.114,94,
BF4F3L,BF,4,3,L,120,5/21/2018,6/7/2018,17,121,,BF_4_120.jpg,POP ASSAYS REP 4,,,48,153.604,3.2,1.03,95,
BZ4F3L,BZ,4,3,L,120,5/21/2018,6/7/2018,17,121,,BZ_4_120.jpg,POP ASSAYS REP 4,,,561,2464.552,4.393,2.137,96,
CA4F3L,CA,4,3,L,120,5/21/2018,6/7/2018,17,121,,CA_4_120.jpg,POP ASSAYS REP 4,,,1371,4824.399,3.519,3.449,97,
BF/BZ4F3L,BF/BZ,4,3,L,120,5/21/2018,6/7/2018,17,121,,BF_BZ_4_120.jpg,POP ASSAYS REP 4,,,299,673.986,2.254,1.129,98,
BF/CA4F3L,BF/CA,4,3,L,120,5/21/2018,6/7/2018,17,121,,BF_CA_4_120.jpg,POP ASSAYS REP 4,,,1789,9581.149,5.356,3.813,99,
BZ/CA4F3L,BZ/CA,4,3,L,120,5/21/2018,6/7/2018,17,121,,BZ_CA_4_120.jpg,POP ASSAYS REP 4,,,1450,6569.475,4.531,4.199,100,
BF4F3L,BF,4,3,L,140,6/7/2018,6/26/2018,19,140,,BF_4_140.jpg,POP ASSAYS REP 4,,,42,132.418,3.153,1.599,101,
BZ4F3L,BZ,4,3,L,140,6/7/2018,6/26/2018,19,140,,BZ_4_140.jpg,POP ASSAYS REP 4,,,891,4059.144,4.556,4.406,102,
CA4F3L,CA,4,3,L,140,6/7/2018,6/26/2018,19,140,,CA_4_140.jpg,POP ASSAYS REP 4,,,1408,5302.219,3.766,5.205,103,
BF/BZ4F3L,BF/BZ,4,3,L,140,6/7/2018,6/26/2018,19,140,,BF_BZ_4_140.jpg,POP ASSAYS REP 4,,,772,3677.335,4.763,1.643,104,
BF/CA4F3L,BF/CA,4,3,L,140,6/7/2018,6/26/2018,19,140,,BF_CA_4_140.jpg,POP ASSAYS REP 4,,,2176,9198.421,4.227,2.343,105,
BZ/CA4F3L,BZ/CA,4,3,L,140,6/7/2018,6/26/2018,19,140,,BZ_CA_4_140.jpg,POP ASSAYS REP 4,,,1636,7238.926,4.425,2.151,106,
BF4F3L,BF,4,3,L,160,6/26/2018,7/16/2018,20,160,,BF_4_160.jpg,POP ASSAYS REP 4,,,65,199.796,3.074,1.537,107,
BF4F3L,BF,4,3,L,180,7/16/2018,8/5/2018,20,180,,BF_4_180.jpg,POP ASSAYS REP 4,,,184,707.361,3.844,1.508,108,
BF4F3L,BF,4,3,L,200,8/5/2018,8/26/2018,21,201,,BF_4_200.jpg,POP ASSAYS REP 4,,,452,1622.13,3.589,1.478,109,
BF4F3L,BF,4,3,L,220,8/26/2018,9/15/2018,20,221,,BF_4_220.jpg,POP ASSAYS REP 4,,,804,3507.808,4.363,1.792,110,
BF4F3L,BF,4,3,L,240,9/15/2018,10/5/2018,20,241,,BF_4_240.jpg,POP ASSAYS REP 4,,,,,,,111,
BF4F3L,BF,4,3,L,260,10/5/2018,10/25/2018,20,261,,BF_4_260.jpg,POP ASSAYS REP 4,,,,,,,112,
BF5F3L,BF,5,3,L,80,2/6/2018,4/27/2018,80,80,,BF_5_80.jpg,POP ASSAYS REP 5,,,39,108.009,2.769,0.923,113,
BZ5F3L,BZ,5,3,L,80,2/7/2018,4/27/2018,79,80,,BZ_5_80.jpg,POP ASSAYS REP 5,,,662,2138.148,3.23,0.932,114,
CA5F3L,CA,5,3,L,80,2/7/2018,4/27/2018,79,80,,CA_5_80.jpg,POP ASSAYS REP 5,,,1388,4839.969,3.487,1.46,115,
BF/BZ5F3L,BF/BZ,5,3,L,80,2/6/2018,4/27/2018,80,80,,BF_BZ_5_80.jpg,POP ASSAYS REP 5,,,491,1457.15,2.968,0.618,116,
BF/CA5F3L,BF/CA,5,3,L,80,2/6/2018,4/27/2018,80,80,,BF_CA_5_80.jpg,POP ASSAYS REP 5,,,1088,3360.04,3.088,1.521,117,
BZ/CA5F3L,BZ/CA,5,3,L,80,2/6/2018,4/27/2018,80,80,,BZ_CA_5_80.jpg,POP ASSAYS REP 5,,,1501,4508.062,3.003,1.722,118,
BF5F3L,BF,5,3,L,100,4/27/2018,5/21/2018,24,104,,BF_5_100.jpg,POP ASSAYS REP 5,,,10,22.09,2.209,0.686,119,
BZ5F3L,BZ,5,3,L,100,4/27/2018,5/21/2018,24,104,,BZ_5_100.jpg,POP ASSAYS REP 5,,,255,792.47,3.108,0.859,120,
CA5F3L,CA,5,3,L,100,4/27/2018,5/21/2018,24,104,,CA_5_100.jpg,POP ASSAYS REP 5,,,839,2625.256,3.129,1.289,121,
BF/BZ5F3L,BF/BZ,5,3,L,100,4/27/2018,5/21/2018,24,104,,BF_BZ_5_100.jpg,POP ASSAYS REP 5,,,525,1731.656,3.298,0.946,122,
BF/CA5F3L,BF/CA,5,3,L,100,4/27/2018,5/21/2018,24,104,,BF_CA_5_100.jpg,POP ASSAYS REP 5,,,876,2851.842,3.256,0.984,123,
BZ/CA5F3L,BZ/CA,5,3,L,100,4/27/2018,5/21/2018,24,104,,BZ_CA_5_100.jpg,POP ASSAYS REP 5,,,658,1925.299,2.926,0.823,124,
BF5F3L,BF,5,3,L,120,5/21/2018,6/7/2018,17,121,,BF_5_120.jpg,POP ASSAYS REP 5,,,12,34.935,2.911,1.016,125,
BZ5F3L,BZ,5,3,L,120,5/21/2018,6/7/2018,17,121,,BZ_5_120.jpg,POP ASSAYS REP 5,,,789,2816.961,3.57,1.255,126,
CA5F3L,CA,5,3,L,120,5/21/2018,6/7/2018,17,121,,CA_5_120.jpg,POP ASSAYS REP 5,,,1802,6387.937,3.545,1.865,127,
BF/BZ5F3L,BF/BZ,5,3,L,120,5/21/2018,6/7/2018,17,121,,BF_BZ_5_120.jpg,POP ASSAYS REP 5,,,788,2960.343,3.757,1.285,128,
BF/CA5F3L,BF/CA,5,3,L,120,5/21/2018,6/7/2018,17,121,,BF_CA_5_120.jpg,POP ASSAYS REP 5,,,1838,5818.208,3.166,1.861,129,
BZ/CA5F3L,BZ/CA,5,3,L,120,5/21/2018,6/7/2018,17,121,,BZ_CA_5_120.jpg,POP ASSAYS REP 5,,,1304,4823.03,3.699,1.767,130,
BF5F3L,BF,5,3,L,140,6/7/2018,6/27/2018,20,141,,BF_5_140.jpg,POP ASSAYS REP 5,,,24,80.896,3.371,1.081,131,
BZ5F3L,BZ,5,3,L,140,6/7/2018,6/27/2018,20,141,,BZ_5_140.jpg,POP ASSAYS REP 5,,,1017,3873.432,3.809,1.579,132,
CA5F3L,CA,5,3,L,140,6/7/2018,6/27/2018,20,141,,CA_5_140.jpg,POP ASSAYS REP 5,,,2434,7810.474,3.209,2.393,133,
BF/BZ5F3L,BF/BZ,5,3,L,140,6/7/2018,6/27/2018,20,141,,BF_BZ_5_140.jpg,POP ASSAYS REP 5,,,2752,9813.078,3.566,2.853,134,
BF/CA5F3L,BF/CA,5,3,L,140,6/7/2018,6/27/2018,20,141,,BF_CA_5_140.jpg,POP ASSAYS REP 5,,,3210,10918.61,3.401,2.824,135,
BZ/CA5F3L,BZ/CA,5,3,L,140,6/7/2018,6/27/2018,20,141,,BZ_CA_5_140.jpg,POP ASSAYS REP 5,,,2431,8314.413,3.42,2.043,136,
BF5F3L,BF,5,3,L,160,6/27/2018,7/16/2018,19,160,,BF_5_160.jpg,POP ASSAYS REP 5,,,36,111.005,3.083,0.831,137,
BF5F3L,BF,5,3,L,180,7/16/2018,8/5/2018,20,180,,BF_5_180.jpg,POP ASSAYS REP 5,,,101,287.504,2.847,0.565,138,
BF5F3L,BF,5,3,L,200,8/5/2018,8/26/2018,21,201,,BF_5_200.jpg,POP ASSAYS REP 5,,,247,924.833,3.744,0.623,139,
BF5F3L,BF,5,3,L,220,8/26/2018,9/15/2018,20,221,,BF_5_220.jpg,POP ASSAYS REP 5,,,541,1702.024,3.146,0.875,140,
BF5F3L,BF,5,3,L,240,9/15/2018,10/5/2018,20,241,,BF_5_240.jpg,POP ASSAYS REP 5,,,1598,5584.805,3.495,1.666,141,
BF5F3L,BF,5,3,L,260,10/5/2018,10/25/2018,20,261,,BF_5_260.jpg,POP ASSAYS REP 5,,,2845,7756.675,2.726,2.13,142,
BF6F3L,BF,6,3,L,60,3/9/2018,5/15/2018,67,67,,BF_6_60.jpg,POP ASSAYS REP 6,,BF_6_60.JPG,37,97.824,2.644,2.769,143,
BZ6F3L,BZ,6,3,L,60,3/11/2018,5/15/2018,65,67,,BZ_6_60.jpg,POP ASSAYS REP 6,,BZ_6_60.JPG,117,413.754,3.536,2.931,144,
CA6F3L,CA,6,3,L,60,3/10/2018,5/15/2018,66,67,,CA_6_60.jpg,POP ASSAYS REP 6,,CA_6_60.JPG,650,1959.997,3.015,2.292,145,
BF/BZ6F3L,BF/BZ,6,3,L,60,3/9/2018,5/15/2018,67,67,,BF_BZ_6_60.jpg,POP ASSAYS REP 6,,BF_BZ_6_60.JPG,121,362.853,2.999,2.172,146,
BF/CA6F3L,BF/CA,6,3,L,60,3/9/2018,5/15/2018,67,67,,BF_CA_6_60.jpg,POP ASSAYS REP 6,,BF_CA_6_60.JPG,353,996.869,2.824,1.917,147,
BZ/CA6F3L,BZ/CA,6,3,L,60,3/10/2018,5/15/2018,66,67,,BZ_CA_6_60.jpg,POP ASSAYS REP 6,,BZ_CA_6_60.JPG,576,1943.878,3.375,3.094,148,
BF6F3L,BF,6,3,L,80,5/15/2018,5/30/2018,15,82,,BF_6_80.jpg,POP ASSAYS REP 6,,BF_6_80.JPG,14,30.656,2.19,0.23,149,
BZ6F3L,BZ,6,3,L,80,5/15/2018,5/30/2018,15,82,,BZ_6_80.jpg,POP ASSAYS REP 6,,BZ_6_80.JPG,208,731.125,3.515,0.617,150,
CA6F3L,CA,6,3,L,80,5/15/2018,5/30/2018,15,82,,CA_6_80.jpg,POP ASSAYS REP 6,,CA_6_80.JPG,549,1930.705,3.517,0.975,151,
BF/BZ6F3L,BF/BZ,6,3,L,80,5/15/2018,5/30/2018,15,82,,BF_BZ_6_80.jpg,POP ASSAYS REP 6,,BF_BZ_6_80.JPG,253,655.495,2.591,0.871,152,
BF/CA6F3L,BF/CA,6,3,L,80,5/15/2018,5/30/2018,15,82,,BF_CA_6_80.jpg,POP ASSAYS REP 6,,BF_CA_6_80.JPG,613,1970.574,3.215,1.227,153,
BZ/CA6F3L,BZ/CA,6,3,L,80,5/15/2018,5/30/2018,15,82,,BZ_CA_6_80.jpg,POP ASSAYS REP 6,,BZ_CA_6_80.JPG,573,1595.311,2.784,1.024,154,
BF6F3L,BF,6,3,L,100,5/30/2018,6/18/2018,19,101,,BF_6_100.jpg,POP ASSAYS REP 6,,BF_6_100.JPG,49,138.493,2.826,1.138,155,
BZ6F3L,BZ,6,3,L,100,5/30/2018,6/18/2018,19,101,,BZ_6_100.jpg,POP ASSAYS REP 6,,BZ_6_100.JPG,502,1784.513,3.555,1.972,156,
CA6F3L,CA,6,3,L,100,5/30/2018,6/18/2018,19,101,,CA_6_100.jpg,POP ASSAYS REP 6,,CA_6_100.JPG,863,3450.242,3.998,1.787,157,
BF/BZ6F3L,BF/BZ,6,3,L,100,5/30/2018,6/18/2018,19,101,,BF_BZ_6_100.jpg,POP ASSAYS REP 6,,BF_BZ_6_100.JPG,305,906.8,2.973,1.361,158,
BF/CA6F3L,BF/CA,6,3,L,100,5/30/2018,6/18/2018,19,101,,BF_CA_6_100.jpg,POP ASSAYS REP 6,,BF_CA_6_100.JPG,620,2300.305,3.71,1.478,159,
BZ/CA6F3L,BZ/CA,6,3,L,100,5/30/2018,6/18/2018,19,101,,BZ_CA_6_100.jpg,POP ASSAYS REP 6,,BZ_CA_6_100.JPG,876,3488.988,3.983,1.716,160,
BF6F3L,BF,6,3,L,120,6/18/2018,7/9/2018,21,122,,BF_6_120.jpg,POP ASSAYS REP 6,,BF_6_120.JPG,18,49.562,2.753,1.09,161,
BZ6F3L,BZ,6,3,L,120,6/18/2018,7/9/2018,21,122,,BZ_6_120.jpg,POP ASSAYS REP 6,,BZ_6_120.JPG,198,747.458,3.775,0.972,162,
CA6F3L,CA,6,3,L,120,6/18/2018,7/9/2018,21,122,,CA_6_120.jpg,POP ASSAYS REP 6,,CA_6_120.JPG,668,2627.588,3.934,1.572,163,
BF/BZ6F3L,BF/BZ,6,3,L,120,6/18/2018,7/9/2018,21,122,,BF_BZ_6_120.jpg,POP ASSAYS REP 6,,BF_BZ_6_120.JPG,220,625.53,2.843,1.001,164,
BF/CA6F3L,BF/CA,6,3,L,120,6/18/2018,7/9/2018,21,122,,BF_CA_6_120.jpg,POP ASSAYS REP 6,,BF_CA_6_120.JPG,624,1796.395,2.879,1.526,165,
BZ/CA6F3L,BZ/CA,6,3,L,120,6/18/2018,7/9/2018,21,122,,BZ_CA_6_120.jpg,POP ASSAYS REP 6,,BZ_CA_6_120.JPG,347,855.461,2.465,0.764,166,
BF6F3L,BF,6,3,L,140,7/9/2018,7/29/2018,20,142,,BF_6_140.jpg,POP ASSAYS REP 6,,BF_6_140.JPG,12,28.422,2.369,0.564,167,
BZ6F3L,BZ,6,3,L,140,7/9/2018,7/29/2018,20,142,,BZ_6_140.jpg,POP ASSAYS REP 6,,BZ_6_140.JPG,218,762.358,3.497,1.127,168,
CA6F3L,CA,6,3,L,140,7/9/2018,7/29/2018,20,142,,CA_6_140.jpg,POP ASSAYS REP 6,,CA_6_140.JPG,922,2396.332,2.599,1.109,169,
BF/BZ6F3L,BF/BZ,6,3,L,140,7/9/2018,7/29/2018,20,142,,BF_BZ_6_140.jpg,POP ASSAYS REP 6,,BF_BZ_6_140.JPG,368,1124.114,3.055,0.586,170,
BF/CA6F3L,BF/CA,6,3,L,140,7/9/2018,7/29/2018,20,142,,BF_CA_6_140.jpg,POP ASSAYS REP 6,,BF_CA_6_140.JPG,1057,2950.361,2.791,0.968,171,
BZ/CA6F3L,BZ/CA,6,3,L,140,7/9/2018,7/29/2018,20,142,,BZ_CA_6_140.jpg,POP ASSAYS REP 6,,BZ_CA_6_140.JPG,563,1334.139,2.37,0.618,172,
BF6F3L,BF,6,3,L,160,7/29/2018,8/17/2018,19,161,,BF_6_160.jpg,POP ASSAYS REP 6,,BF_6_160.JPG,6,17.131,2.855,2.167,173,
BZ6F3L,BZ,6,3,L,160,7/29/2018,8/17/2018,19,161,,BZ_6_160.jpg,POP ASSAYS REP 6,,BZ_6_160.JPG,108,328.995,3.046,2.205,174,
CA6F3L,CA,6,3,L,160,7/29/2018,8/17/2018,19,161,,CA_6_160.jpg,POP ASSAYS REP 6,,CA_6_160.JPG,288,885.026,3.073,1.95,175,
BF/BZ6F3L,BF/BZ,6,3,L,160,7/29/2018,8/17/2018,19,161,,BF_BZ_6_160.jpg,POP ASSAYS REP 6,,BF_BZ_6_160.JPG,222,663.551,2.989,2.23,176,
BF/CA6F3L,BF/CA,6,3,L,160,7/29/2018,8/17/2018,19,161,,BF_CA_6_160.jpg,POP ASSAYS REP 6,,BF_CA_6_160.JPG,825,2402.382,2.912,2.905,177,
BZ/CA6F3L,BZ/CA,6,3,L,160,7/29/2018,8/17/2018,19,161,,BZ_CA_6_160.jpg,POP ASSAYS REP 6,,BZ_CA_6_160.JPG,287,966.145,3.366,1.343,178,
BF6F3L,BF,6,3,L,180,8/17/2018,9/6/2018,20,181,,BF_6_180.jpg,POP ASSAYS REP 6,,BF_6_180.jpg,5,13.427,2.685,0.743,179,
BZ6F3L,BZ,6,3,L,180,8/17/2018,9/6/2018,20,181,,BZ_6_180.jpg,POP ASSAYS REP 6,,BZ_6_180.jpg,188,527.356,2.805,0.809,180,
CA6F3L,CA,6,3,L,180,8/17/2018,9/6/2018,20,181,,CA_6_180.jpg,POP ASSAYS REP 6,,CA_6_180.jpg,574,1765.603,3.076,1.101,181,
BF/BZ6F3L,BF/BZ,6,3,L,180,8/17/2018,9/6/2018,20,181,,BF_BZ_6_180.jpg,POP ASSAYS REP 6,,BF_BZ_6_180.JPG,386,1668.613,4.323,1.528,182,
BF/CA6F3L,BF/CA,6,3,L,180,8/17/2018,9/6/2018,20,181,,BF_CA_6_180.jpg,POP ASSAYS REP 6,,BF_CA_6_180.JPG,1436,5044.157,3.513,2.104,183,
BZ/CA6F3L,BZ/CA,6,3,L,180,8/17/2018,9/6/2018,20,181,,BZ_CA_6_180.jpg,POP ASSAYS REP 6,,BZ_CA_6_180.JPG,318,1446.983,4.55,0.848,184,
BF6F3L,BF,6,3,L,200,9/6/2018,9/27/2018,21,202,,BF_6_200.jpg,POP ASSAYS REP 6,,BF_6_200.JPG,5,16.667,3.333,0.731,185,
BZ6F3L,BZ,6,3,L,200,9/6/2018,9/27/2018,21,202,,BZ_6_200.jpg,POP ASSAYS REP 6,,BZ_6_200.jpg,245,770.772,3.146,0.761,186,
CA6F3L,CA,6,3,L,200,9/6/2018,9/27/2018,21,202,,CA_6_200.jpg,POP ASSAYS REP 6,,CA_6_200.jpg,626,2022.394,3.231,0.926,187,
BF/BZ6F3L,BF/BZ,6,3,L,200,9/6/2018,9/27/2018,21,202,,BF_BZ_6_200.jpg,POP ASSAYS REP 6,,BF_BZ_6_200.jpg,598,1865.81,3.12,0.855,188,
BF/CA6F3L,BF/CA,6,3,L,200,9/6/2018,9/27/2018,21,202,,BF_CA_6_200.jpg,POP ASSAYS REP 6,,BF_CA_6_200.jpg,1117,4588.185,4.108,1.783,189,
BZ/CA6F3L,BZ/CA,6,3,L,200,9/6/2018,9/27/2018,21,202,,BZ_CA_6_200.jpg,POP ASSAYS REP 6,,BZ_CA_6_200.jpg,492,1829.029,3.718,0.639,190,
BF6F3L,BF,6,3,L,220,9/27/2018,10/16/2018,19,221,,BF_6_220.jpg,POP ASSAYS REP 6,,BF_6_220.JPG,2,3.956,1.978,0.257,191,
BZ6F3L,BZ,6,3,L,220,9/27/2018,10/16/2018,19,221,,BZ_6_220.jpg,POP ASSAYS REP 6,,BZ_6_220.JPG,122,332.545,2.726,2.102,192,
CA6F3L,CA,6,3,L,220,9/27/2018,10/16/2018,19,221,,CA_6_220.jpg,POP ASSAYS REP 6,,CA_6_220.JPG,237,777.693,3.281,2.429,193,
BF/BZ6F3L,BF/BZ,6,3,L,220,9/27/2018,10/16/2018,19,221,,BF_BZ_6_220.jpg,POP ASSAYS REP 6,,BF_BZ_6_220.JPG,490,2172.285,4.433,2.196,194,
BF/CA6F3L,BF/CA,6,3,L,220,9/27/2018,10/16/2018,19,221,,BF_CA_6_220.jpg,POP ASSAYS REP 6,,BF_CA_6_220.JPG,1431,6849.405,4.786,4.262,195,
BZ/CA6F3L,BZ/CA,6,3,L,220,9/27/2018,10/16/2018,19,221,,BZ_CA_6_220.jpg,POP ASSAYS REP 6,,BZ_CA_6_220.JPG,361,1375.845,3.811,2.295,196,
BF6F3L,BF,6,3,L,240,10/16/2018,11/7/2018,22,243,,BF_6_240.jpg,POP ASSAYS REP 6,,BF_6_240.JPG,3,6.403,2.134,0.474,197,
BZ6F3L,BZ,6,3,L,240,10/16/2018,11/7/2018,22,243,,BZ_6_240.jpg,POP ASSAYS REP 6,,BZ_6_240.jpg,178,668.96,3.758,0.808,198,
CA6F3L,CA,6,3,L,240,10/16/2018,11/7/2018,22,243,,CA_6_240.jpg,POP ASSAYS REP 6,,CA_6_240.jpg,410,1525.449,3.721,1.351,199,
BF/BZ6F3L,BF/BZ,6,3,L,240,10/16/2018,11/7/2018,22,243,,BF_BZ_6_240.jpg,POP ASSAYS REP 6,,BF_BZ_6_240.jpg,1156,4465.317,3.863,3.024,200,
BF/CA6F3L,BF/CA,6,3,L,240,10/16/2018,11/7/2018,22,243,,BF_CA_6_240.jpg,POP ASSAYS REP 6,,BF_CA_6_240.jpg,1370,5156.335,3.764,2.481,201,
BZ/CA6F3L,BZ/CA,6,3,L,240,10/16/2018,11/7/2018,22,243,,BZ_CA_6_240.jpg,POP ASSAYS REP 6,,BZ_CA_6_240.jpg,426,1685.422,3.956,2.019,202,
BF6F3L,BF,6,3,L,260,11/7/2018,11/25/2018,18,261,,BF_6_260.jpg,POP ASSAYS REP 6,,BF_6_260.JPG,1,3.356,3.356,0.613,203,
BZ6F3L,BZ,6,3,L,260,11/7/2018,11/25/2018,18,261,,BZ_6_260.jpg,POP ASSAYS REP 6,,BZ_6_260.jpg,286,900.611,3.149,2.001,204,
CA6F3L,CA,6,3,L,260,11/7/2018,11/25/2018,18,261,,CA_6_260.jpg,POP ASSAYS REP 6,,CA_6_260.jpg,485,1554.192,3.205,3.01,205,
BF/BZ6F3L,BF/BZ,6,3,L,260,11/7/2018,11/25/2018,18,261,,BF_BZ_6_260.jpg,POP ASSAYS REP 6,,BF_BZ_6_260.jpg,941,3126.003,3.322,4.011,206,
BF/CA6F3L,BF/CA,6,3,L,260,11/7/2018,11/25/2018,18,261,,BF_CA_6_260.jpg,POP ASSAYS REP 6,,BF_CA_6_260.jpg,1193,3687.472,3.091,4.124,207,
BZ/CA6F3L,BZ/CA,6,3,L,260,11/7/2018,11/25/2018,18,261,,BZ_CA_6_260.jpg,POP ASSAYS REP 6,,BZ_CA_6_260.jpg,624,2225.326,3.566,2.183,208,
BF6F3L,BF,6,3,L,280,11/25/2018,12/15/2018,20,281,,BF_6_280.jpg,POP ASSAYS REP 6,,BF_6_280.JPG,0,0,NaN,0,209,
BZ6F3L,BZ,6,3,L,280,11/25/2018,12/15/2018,20,281,,BZ_6_280.jpg,POP ASSAYS REP 6,,BZ_6_280.JPG,181,599.862,3.314,1.429,210,
CA6F3L,CA,6,3,L,280,11/25/2018,12/15/2018,20,281,,CA_6_280.jpg,POP ASSAYS REP 6,,CA_6_280.JPG,168,627.924,3.738,1.22,211,
BF/BZ6F3L,BF/BZ,6,3,L,280,11/25/2018,12/15/2018,20,281,,BF_BZ_6_280.jpg,POP ASSAYS REP 6,,BF_BZ_6_280.JPG,1889,7325.118,3.878,2.865,212,
BF/CA6F3L,BF/CA,6,3,L,280,11/25/2018,12/15/2018,20,281,,BF_CA_6_280.jpg,POP ASSAYS REP 6,,BF_CA_6_280.jpg,1793,11009.159,6.14,3.981,213,
BZ/CA6F3L,BZ/CA,6,3,L,280,11/25/2018,12/15/2018,20,281,,BZ_CA_6_280.jpg,POP ASSAYS REP 6,,BZ_CA_6_280.JPG,590,1861.78,3.156,1.442,214,
BF6F3L,BF,6,3,L,300,12/15/2018,1/4/2019,20,301,,BF_6_300.jpg,POP ASSAYS REP 6,,BF_6_300.JPG,0,0,NaN,0,215,
BZ6F3L,BZ,6,3,L,300,12/15/2018,1/4/2019,20,301,,BZ_6_300.jpg,POP ASSAYS REP 6,,BZ_6_300.jpg,252,909.641,3.61,0.967,216,
CA6F3L,CA,6,3,L,300,12/15/2018,1/4/2019,20,301,,CA_6_300.jpg,POP ASSAYS REP 6,,CA_6_300.jpg,231,731.32,3.166,0.832,217,
BF/BZ6F3L,BF/BZ,6,3,L,300,12/15/2018,1/4/2019,20,301,,BF_BZ_6_300.jpg,POP ASSAYS REP 6,,BF_BZ_6_300.jpg,2164,7432.313,3.435,2.324,218,
BF/CA6F3L,BF/CA,6,3,L,300,12/15/2018,1/4/2019,20,301,,BF_CA_6_300.jpg,POP ASSAYS REP 6,,BF_CA_6_300.jpg,1383,4164.318,3.011,1.595,219,
BZ/CA6F3L,BZ/CA,6,3,L,300,12/15/2018,1/4/2019,20,301,,BZ_CA_6_300.jpg,POP ASSAYS REP 6,,BZ_CA_6_300.jpg,680,2254.988,3.316,0.927,220,
BF6F3L,BF,6,3,L,320,1/4/2019,1/24/2019,20,321,,BF_6_320.jpg,POP ASSAYS REP 6,,BF_6_320.JPG,0,0,NaN,0,221,
BZ6F3L,BZ,6,3,L,320,1/4/2019,1/24/2019,20,321,,BZ_6_320.jpg,POP ASSAYS REP 6,,BZ_6_320.JPG,424,1493.086,3.521,2.671,222,
CA6F3L,CA,6,3,L,320,1/4/2019,1/24/2019,20,321,,CA_6_320.jpg,POP ASSAYS REP 6,,CA_6_320.JPG,417,1264.719,3.033,2.123,223,
BF/BZ6F3L,BF/BZ,6,3,L,320,1/4/2019,1/24/2019,20,321,,BF_BZ_6_320.jpg,POP ASSAYS REP 6,,BF_BZ_6_320.JPG,1926,6154.379,3.195,3.181,224,
BF/CA6F3L,BF/CA,6,3,L,320,1/4/2019,1/24/2019,20,321,,BF_CA_6_320.jpg,POP ASSAYS REP 6,,BF_CA_6_320.JPG,1067,3966.77,3.718,3.046,225,
BZ/CA6F3L,BZ/CA,6,3,L,320,1/4/2019,1/24/2019,20,321,,BZ_CA_6_320.jpg,POP ASSAYS REP 6,,BZ_CA_6_320.JPG,835,3013.226,3.609,2.642,226,
BF6F3L,BF,6,3,L,340,1/24/2019,2/13/2019,20,341,,BF_6_340.jpg,POP ASSAYS REP 6,,BF_6_340.JPG,0,0,NaN,0,227,
BZ6F3L,BZ,6,3,L,340,1/24/2019,2/13/2019,20,341,,BZ_6_340.jpg,POP ASSAYS REP 6,,BZ_6_340.jpg,275,819.171,2.979,1.708,228,
CA6F3L,CA,6,3,L,340,1/24/2019,2/13/2019,20,341,,CA_6_340.jpg,POP ASSAYS REP 6,,CA_6_340.jpg,159,572.512,3.601,0.655,229,
BF/CA6F3L,BF/CA,6,3,L,340,1/24/2019,2/13/2019,20,341,,BF_CA_6_340.jpg,POP ASSAYS REP 6,,BF_CA_6_340.jpg,2346,7645.185,3.259,3.457,230,
BZ/CA6F3L,BZ/CA,6,3,L,340,1/24/2019,2/13/2019,20,341,,BZ_CA_6_340.jpg,POP ASSAYS REP 6,,BZ_CA_6_340.jpg,641,2149.505,3.353,2.525,231,
BF6F3L,BF,6,3,L,360,2/13/2019,3/6/2019,21,362,,BF_6_360.jpg,POP ASSAYS REP 6,,BF_6_360.JPG,0,0,NaN,0,232,
BZ6F3L,BZ,6,3,L,360,2/13/2019,3/6/2019,21,362,,BZ_6_360.jpg,POP ASSAYS REP 6,,BZ_6_360.jpg,455,1739.613,3.823,1.619,233,
CA6F3L,CA,6,3,L,360,2/13/2019,3/6/2019,21,362,,CA_6_360.jpg,POP ASSAYS REP 6,,CA_6_360.jpg,205,730.194,3.562,1.038,234,
BF/CA6F3L,BF/CA,6,3,L,360,2/13/2019,3/6/2019,21,362,,BF_CA_6_360.jpg,POP ASSAYS REP 6,,BF_CA_6_360.jpg,2162,7983.911,3.693,3.147,235,
BZ/CA6F3L,BZ/CA,6,3,L,360,2/13/2019,3/6/2019,21,362,,BZ_CA_6_360.jpg,POP ASSAYS REP 6,,BZ_CA_6_360.jpg,954,3622.773,3.797,3.09,236,
BZ6F3L,BZ,6,3,L,380,3/6/2019,3/25/2019,19,381,,BZ_6_380.jpg,POP ASSAYS REP 6,,BZ_6_380.jpg,1022,3413.813,3.34,2.301,237,
CA6F3L,CA,6,3,L,380,3/6/2019,3/25/2019,19,381,,CA_6_380.jpg,POP ASSAYS REP 6,,CA_6_380.jpg,369,1137.014,3.081,1.579,238,
BZ/CA6F3L,BZ/CA,6,3,L,380,3/6/2019,3/25/2019,19,381,,BZ_CA_6_380.jpg,POP ASSAYS REP 6,,BZ_CA_6_380.jpg,1644,6362.428,3.87,2.193,239,
BZ6F3L,BZ,6,3,L,400,3/25/2019,4/15/2019,21,402,,BZ_6_400.jpg,POP ASSAYS REP 6,,BZ_6_400.jpg,847,2835.746,3.348,1.118,240,
CA6F3L,CA,6,3,L,400,3/25/2019,4/15/2019,21,402,,CA_6_400.jpg,POP ASSAYS REP 6,,CA_6_400.JPG,319,1094.574,3.431,2.804,241,
BZ/CA6F3L,BZ/CA,6,3,L,400,3/25/2019,4/15/2019,21,402,,BZ_CA_6_400.jpg,POP ASSAYS REP 6,,BZ_CA_6_400.JPG,1187,4994.398,4.208,2.381,242,
CA6F3L,CA,6,3,L,420,4/15/2019,5/4/2019,19,421,,CA_6_420.jpg,POP ASSAYS REP 6,,CA_6_420.jpg,511,1711,3.348,1.825,243,
CA6F3L,CA,6,3,L,440,5/4/2019,5/25/2019,21,442,,CA_6_440.jpg,POP ASSAYS REP 6,Taylor Turner,CA_6_440.jpg,1107,5250.539,4.743,1.518,244,
BF7F3L,BF,7,3,L,60,3/9/2018,5/15/2018,67,67,,BF_7_60.jpg,POP ASSAYS REP 7,,BF_7_60.JPG,29,104.216,3.594,0.502,245,
BZ7F3L,BZ,7,3,L,60,3/9/2018,5/15/2018,67,67,,BZ_7_60.jpg,POP ASSAYS REP 7,,BZ_7_60.JPG,106,399.216,3.766,0.698,246,
CA7F3L,CA,7,3,L,60,3/9/2018,5/15/2018,67,67,,CA_7_60.jpg,POP ASSAYS REP 7,,CA_7_60.JPG,865,2919.969,3.376,1.202,247,
BF/BZ7F3L,BF/BZ,7,3,L,60,3/9/2018,5/15/2018,67,67,,BF_BZ_7_60.jpg,POP ASSAYS REP 7,,BF_BZ_7_60.JPG,142,546.121,3.846,0.881,248,
BF/CA7F3L,BF/CA,7,3,L,60,3/9/2018,5/15/2018,67,67,,BF_CA_7_60.jpg,POP ASSAYS REP 7,,BF_CA_7_60.JPG,392,1356.714,3.461,0.934,249,
BZ/CA7F3L,BZ/CA,7,3,L,60,3/9/2018,5/15/2018,67,67,,BZ_CA_7_60.jpg,POP ASSAYS REP 7,,BZ_CA_7_60.JPG,646,2291.748,3.548,1.202,250,
BF7F3L,BF,7,3,L,80,5/15/2018,5/30/2018,15,82,,BF_7_80.jpg,POP ASSAYS REP 7,,BF_7_80.JPG,28,78.494,2.803,0.515,251,
BZ7F3L,BZ,7,3,L,80,5/15/2018,5/30/2018,15,82,,BZ_7_80.jpg,POP ASSAYS REP 7,,BZ_7_80.JPG,269,945.546,3.515,0.946,252,
CA7F3L,CA,7,3,L,80,5/15/2018,5/30/2018,15,82,,CA_7_80.jpg,POP ASSAYS REP 7,,CA_7_80.JPG,941,3065.16,3.257,1.284,253,
BF/BZ7F3L,BF/BZ,7,3,L,80,5/15/2018,5/30/2018,15,82,,BF_BZ_7_80.jpg,POP ASSAYS REP 7,,BF_BZ_7_80.JPG,184,508.871,2.766,0.662,254,
BF/CA7F3L,BF/CA,7,3,L,80,5/15/2018,5/30/2018,15,82,,BF_CA_7_80.jpg,POP ASSAYS REP 7,,BF_CA_7_80.JPG,524,1662.592,3.173,0.865,255,
BZ/CA7F3L,BZ/CA,7,3,L,80,5/15/2018,5/30/2018,15,82,,BZ_CA_7_80.jpg,POP ASSAYS REP 7,,BZ_CA_7_80.JPG,775,2186.626,2.821,1.068,256,
BF7F3L,BF,7,3,L,100,5/30/2018,6/18/2018,19,101,,BF_7_100.jpg,POP ASSAYS REP 7,,BF_7_100.JPG,24,80.633,3.36,1.026,257,
BZ7F3L,BZ,7,3,L,100,5/30/2018,6/18/2018,19,101,,BZ_7_100.jpg,POP ASSAYS REP 7,,BZ_7_100.JPG,285,1088.938,3.821,0.881,258,
CA7F3L,CA,7,3,L,100,5/30/2018,6/18/2018,19,101,,CA_7_100.jpg,POP ASSAYS REP 7,,CA_7_100.JPG,890,2905.869,3.265,1.357,259,
BF/BZ7F3L,BF/BZ,7,3,L,100,5/30/2018,6/18/2018,19,101,,BF_BZ_7_100.jpg,POP ASSAYS REP 7,,BF_BZ_7_100.JPG,390,1354.927,3.474,0.832,260,
BF/CA7F3L,BF/CA,7,3,L,100,5/30/2018,6/18/2018,19,101,,BF_CA_7_100.jpg,POP ASSAYS REP 7,,BF_CA_7_100.JPG,720,2367.699,3.288,1.12,261,
BZ/CA7F3L,BZ/CA,7,3,L,100,5/30/2018,6/18/2018,19,101,,BZ_CA_7_100.jpg,POP ASSAYS REP 7,,BZ_CA_7_100.JPG,1022,3453.953,3.38,1.264,262,
BF7F3L,BF,7,3,L,120,6/18/2018,7/9/2018,21,122,,BF_7_120.jpg,POP ASSAYS REP 7,,BF_7_120.JPG,14,33.012,2.358,0.542,263,
BZ7F3L,BZ,7,3,L,120,6/18/2018,7/9/2018,21,122,,BZ_7_120.jpg,POP ASSAYS REP 7,,BZ_7_120.JPG,151,544.597,3.607,0.576,264,
CA7F3L,CA,7,3,L,120,6/18/2018,7/9/2018,21,122,,CA_7_120.jpg,POP ASSAYS REP 7,,CA_7_120.JPG,844,2940.925,3.485,1.359,265,
BF/BZ7F3L,BF/BZ,7,3,L,120,6/18/2018,7/9/2018,21,122,,BF_BZ_7_120.jpg,POP ASSAYS REP 7,,BF_BZ_7_120.JPG,293,1009.754,3.446,0.623,266,
BF/CA7F3L,BF/CA,7,3,L,120,6/18/2018,7/9/2018,21,122,,BF_CA_7_120.jpg,POP ASSAYS REP 7,,BF_CA_7_120.JPG,609,2073.297,3.404,0.979,267,
BZ/CA7F3L,BZ/CA,7,3,L,120,6/18/2018,7/9/2018,21,122,,BZ_CA_7_120.jpg,POP ASSAYS REP 7,,BZ_CA_7_120.JPG,779,2649.997,3.402,1.21,268,
BF7F3L,BF,7,3,L,140,7/9/2018,7/29/2018,20,142,,BF_7_140.jpg,POP ASSAYS REP 7,,BF_7_140.JPG,7,18.989,2.713,0.515,269,
BZ7F3L,BZ,7,3,L,140,7/9/2018,7/29/2018,20,142,,BZ_7_140.jpg,POP ASSAYS REP 7,,BZ_7_140.JPG,152,537.779,3.538,0.744,270,
CA7F3L,CA,7,3,L,140,7/9/2018,7/29/2018,20,142,,CA_7_140.jpg,POP ASSAYS REP 7,,CA_7_140.JPG,678,1881.713,2.775,0.879,271,
BF/BZ7F3L,BF/BZ,7,3,L,140,7/9/2018,7/29/2018,20,142,,BF_BZ_7_140.jpg,POP ASSAYS REP 7,,BF_BZ_7_140.JPG,307,1023.629,3.334,0.691,272,
BF/CA7F3L,BF/CA,7,3,L,140,7/9/2018,7/29/2018,20,142,,BF_CA_7_140.jpg,POP ASSAYS REP 7,,BF_CA_7_140.JPG,571,1968.159,3.447,0.848,273,
BZ/CA7F3L,BZ/CA,7,3,L,140,7/9/2018,7/29/2018,20,142,,BZ_CA_7_140.jpg,POP ASSAYS REP 7,,BZ_CA_7_140.JPG,572,1843.571,3.223,0.905,274,
BF7F3L,BF,7,3,L,160,7/29/2018,8/17/2018,19,161,,BF_7_160.jpg,POP ASSAYS REP 7,,BF_7_160.JPG,1,3.188,3.188,0.562,275,
BZ7F3L,BZ,7,3,L,160,7/29/2018,8/17/2018,19,161,,BZ_7_160.jpg,POP ASSAYS REP 7,,BZ_7_160.JPG,71,281.074,3.959,0.927,276,
CA7F3L,CA,7,3,L,160,7/29/2018,8/17/2018,19,161,,CA_7_160.jpg,POP ASSAYS REP 7,,CA_7_160.JPG,584,1820.042,3.117,1.163,277,
BF/BZ7F3L,BF/BZ,7,3,L,160,7/29/2018,8/17/2018,19,161,,BF_BZ_7_160.jpg,POP ASSAYS REP 7,,BF_BZ_7_160.JPG,328,1220.472,3.721,0.821,278,
BF/CA7F3L,BF/CA,7,3,L,160,7/29/2018,8/17/2018,19,161,,BF_CA_7_160.jpg,POP ASSAYS REP 7,,BF_CA_7_160.JPG,598,2144.574,3.586,1.303,279,
BZ/CA7F3L,BZ/CA,7,3,L,160,7/29/2018,8/17/2018,19,161,,BZ_CA_7_160.jpg,POP ASSAYS REP 7,,BZ_CA_7_160.JPG,738,2437.509,3.303,1.113,280,
BF7F3L,BF,7,3,L,180,8/17/2018,9/6/2018,20,181,,BF_7_180.jpg,POP ASSAYS REP 7,,BF_7_180.JPG,4,15.545,3.886,0.244,281,
BZ7F3L,BZ,7,3,L,180,8/17/2018,9/6/2018,20,181,,BZ_7_180.jpg,POP ASSAYS REP 7,,BZ_7_180.JPG,105,386.412,3.68,0.333,282,
CA7F3L,CA,7,3,L,180,8/17/2018,9/6/2018,20,181,,CA_7_180.jpg,POP ASSAYS REP 7,,CA_7_180.JPG,446,1570.268,3.521,0.77,283,
BF/BZ7F3L,BF/BZ,7,3,L,180,8/17/2018,9/6/2018,20,181,,BF_BZ_7_180.jpg,POP ASSAYS REP 7,,BF_BZ_7_180.JPG,408,1330.345,3.261,0.779,284,
BF/CA7F3L,BF/CA,7,3,L,180,8/17/2018,9/6/2018,20,181,,BF_CA_7_180.jpg,POP ASSAYS REP 7,,BF_CA_7_180.JPG,835,2758.95,3.304,1.159,285,
BZ/CA7F3L,BZ/CA,7,3,L,180,8/17/2018,9/6/2018,20,181,,BZ_CA_7_180.jpg,POP ASSAYS REP 7,,BZ_CA_7_180.JPG,673,2177.148,3.235,0.904,286,
BF7F3L,BF,7,3,L,200,9/6/2018,9/27/2018,21,202,,BF_7_200.jpg,POP ASSAYS REP 7,,BF_7_200.JPG,2,4.532,2.266,0.616,287,
BZ7F3L,BZ,7,3,L,200,9/6/2018,9/27/2018,21,202,,BZ_7_200.jpg,POP ASSAYS REP 7,,BZ_7_200.JPG,149,547.207,3.673,0.611,288,
CA7F3L,CA,7,3,L,200,9/6/2018,9/27/2018,21,202,,CA_7_200.jpg,POP ASSAYS REP 7,,CA_7_200.JPG,528,1727.891,3.273,0.941,289,
BF/BZ7F3L,BF/BZ,7,3,L,200,9/6/2018,9/27/2018,21,202,,BF_BZ_7_200.jpg,POP ASSAYS REP 7,,BF_BZ_7_200.JPG,535,1762.006,3.293,0.858,290,
BF/CA7F3L,BF/CA,7,3,L,200,9/6/2018,9/27/2018,21,202,,BF_CA_7_200.jpg,POP ASSAYS REP 7,,BF_CA_7_200.JPG,855,2976.135,3.481,1.242,291,
BZ/CA7F3L,BZ/CA,7,3,L,200,9/6/2018,9/27/2018,21,202,,BZ_CA_7_200.jpg,POP ASSAYS REP 7,,BZ_CA_7_200.JPG,695,2217.485,3.191,0.947,292,
BF7F3L,BF,7,3,L,220,9/27/2018,10/16/2018,19,221,,BF_7_220.jpg,POP ASSAYS REP 7,,BF_7_220.JPG,1,3.403,3.403,0.596,293,
BZ7F3L,BZ,7,3,L,220,9/27/2018,10/16/2018,19,221,,BZ_7_220.jpg,POP ASSAYS REP 7,,BZ_7_220.JPG,69,224.967,3.26,0.576,294,
CA7F3L,CA,7,3,L,220,9/27/2018,10/16/2018,19,221,,CA_7_220.jpg,POP ASSAYS REP 7,,CA_7_220.JPG,322,1072.905,3.332,0.811,295,
BF/BZ7F3L,BF/BZ,7,3,L,220,9/27/2018,10/16/2018,19,221,,BF_BZ_7_220.jpg,POP ASSAYS REP 7,,BF_BZ_7_220.JPG,453,1401.472,3.094,0.83,296,
BF/CA7F3L,BF/CA,7,3,L,220,9/27/2018,10/16/2018,19,221,,BF_CA_7_220.jpg,POP ASSAYS REP 7,,BF_CA_7_220.JPG,665,2464.053,3.705,1.14,297,
BZ/CA7F3L,BZ/CA,7,3,L,220,9/27/2018,10/16/2018,19,221,,BZ_CA_7_220.jpg,POP ASSAYS REP 7,,BZ_CA_7_220.JPG,385,1270.442,3.3,0.872,298,
BF7F3L,BF,7,3,L,240,10/16/2018,11/7/2018,22,243,,BF_7_240.jpg,POP ASSAYS REP 7,,BF_7_240.JPG,0,0,NaN,0,299,
BZ7F3L,BZ,7,3,L,240,10/16/2018,11/7/2018,22,243,,BZ_7_240.jpg,POP ASSAYS REP 7,,BZ_7_240.JPG,114,416.879,3.657,0.637,300,
CA7F3L,CA,7,3,L,240,10/16/2018,11/7/2018,22,243,,CA_7_240.jpg,POP ASSAYS REP 7,,CA_7_240.JPG,246,855.418,3.477,0.642,301,
BF/BZ7F3L,BF/BZ,7,3,L,240,10/16/2018,11/7/2018,22,243,,BF_BZ_7_240.jpg,POP ASSAYS REP 7,,BF_BZ_7_240.JPG,1037,4069.098,3.924,1.306,302,
BF/CA7F3L,BF/CA,7,3,L,240,10/16/2018,11/7/2018,22,243,,BF_CA_7_240.jpg,POP ASSAYS REP 7,,BF_CA_7_240.JPG,891,3287.097,3.689,1.154,303,
BZ/CA7F3L,BZ/CA,7,3,L,240,10/16/2018,11/7/2018,22,243,,BZ_CA_7_240.jpg,POP ASSAYS REP 7,,BZ_CA_7_240.JPG,419,1310.983,3.129,0.669,304,
BF7F3L,BF,7,3,L,260,11/7/2018,11/25/2018,18,261,,BF_7_260.jpg,POP ASSAYS REP 7,,BF_7_260.JPG,0,0,NaN,0,305,
BZ7F3L,BZ,7,3,L,260,11/7/2018,11/25/2018,18,261,,BZ_7_260.jpg,POP ASSAYS REP 7,,BZ_7_260.JPG,282,902.356,3.2,0.726,306,
CA7F3L,CA,7,3,L,260,11/7/2018,11/25/2018,18,261,,CA_7_260.jpg,POP ASSAYS REP 7,,CA_7_260.JPG,389,1335.037,3.432,0.816,307,
BF/BZ7F3L,BF/BZ,7,3,L,260,11/7/2018,11/25/2018,18,261,,BF_BZ_7_260.jpg,POP ASSAYS REP 7,,BF_BZ_7_260.JPG,1056,3635.456,3.443,1.337,308,
BF/CA7F3L,BF/CA,7,3,L,260,11/7/2018,11/25/2018,18,261,,BF_CA_7_260.jpg,POP ASSAYS REP 7,,BF_CA_7_260.JPG,1086,3653.26,3.364,1.328,309,
BZ/CA7F3L,BZ/CA,7,3,L,260,11/7/2018,11/25/2018,18,261,,BZ_CA_7_260.jpg,POP ASSAYS REP 7,,BZ_CA_7_260.JPG,588,1781.196,3.029,0.726,310,
BF7F3L,BF,7,3,L,280,11/25/2018,12/15/2018,20,281,,BF_7_280.jpg,POP ASSAYS REP 7,,BF_7_280.JPG,0,0,NaN,0,311,
BZ7F3L,BZ,7,3,L,280,11/25/2018,12/15/2018,20,281,,BZ_7_280.jpg,POP ASSAYS REP 7,,BZ_7_280.JPG,253,892.939,3.529,0.569,312,
CA7F3L,CA,7,3,L,280,11/25/2018,12/15/2018,20,281,,CA_7_280.jpg,POP ASSAYS REP 7,,CA_7_280.JPG,258,806.374,3.125,0.435,313,
BF/BZ7F3L,BF/BZ,7,3,L,280,11/25/2018,12/15/2018,20,281,,BF_BZ_7_280.jpg,POP ASSAYS REP 7,,BF_BZ_7_280.JPG,1793,6243.926,3.482,1.743,314,
BF/CA7F3L,BF/CA,7,3,L,280,11/25/2018,12/15/2018,20,281,,BF_CA_7_280.jpg,POP ASSAYS REP 7,,BF_CA_7_280.JPG,1163,3945.569,3.393,1.355,315,
BZ/CA7F3L,BZ/CA,7,3,L,280,11/25/2018,12/15/2018,20,281,,BZ_CA_7_280.jpg,POP ASSAYS REP 7,,BZ_CA_7_280.JPG,508,1669.728,3.287,0.732,316,
BF7F3L,BF,7,3,L,300,12/15/2018,1/4/2019,20,301,,BF_7_300.jpg,POP ASSAYS REP 7,,BF_7_300.JPG,0,0,NaN,0,317,
BZ7F3L,BZ,7,3,L,300,12/15/2018,1/4/2019,20,301,,BZ_7_300.jpg,POP ASSAYS REP 7,,BZ_7_300.JPG,348,1294.172,3.719,0.727,318,
CA7F3L,CA,7,3,L,300,12/15/2018,1/4/2019,20,301,,CA_7_300.jpg,POP ASSAYS REP 7,,CA_7_300.JPG,243,821.51,3.381,0.431,319,
BF/BZ7F3L,BF/BZ,7,3,L,300,12/15/2018,1/4/2019,20,301,,BF_BZ_7_300.jpg,POP ASSAYS REP 7,,BF_BZ_7_300.JPG,1968,5919.58,3.008,1.664,320,
BF/CA7F3L,BF/CA,7,3,L,300,12/15/2018,1/4/2019,20,301,,BF_CA_7_300.jpg,POP ASSAYS REP 7,,BF_CA_7_300.JPG,1496,4759.784,3.182,1.377,321,
BZ/CA7F3L,BZ/CA,7,3,L,300,12/15/2018,1/4/2019,20,301,,BZ_CA_7_300.jpg,POP ASSAYS REP 7,,BZ_CA_7_300.JPG,494,1594.85,3.228,0.714,322,
BF7F3L,BF,7,3,L,320,1/4/2019,1/24/2019,20,321,,BF_7_320.jpg,POP ASSAYS REP 7,,BF_7_320.JPG,0,0,NaN,0,323,
BZ7F3L,BZ,7,3,L,320,1/4/2019,1/24/2019,20,321,,BZ_7_320.jpg,POP ASSAYS REP 7,,BZ_7_320.JPG,545,1960.847,3.598,0.904,324,
CA7F3L,CA,7,3,L,320,1/4/2019,1/24/2019,20,321,,CA_7_320.jpg,POP ASSAYS REP 7,,CA_7_320.JPG,320,1083.943,3.387,0.612,325,
BF/BZ7F3L,BF/BZ,7,3,L,320,1/4/2019,1/24/2019,20,321,,BF_BZ_7_320.jpg,POP ASSAYS REP 7,,BF_BZ_7_320.JPG,1089,3589.341,3.296,1.281,326,
BF/CA7F3L,BF/CA,7,3,L,320,1/4/2019,1/24/2019,20,321,,BF_CA_7_320.jpg,POP ASSAYS REP 7,,BF_CA_7_320.JPG,1067,2864.9,2.685,1.054,327,
BZ/CA7F3L,BZ/CA,7,3,L,320,1/4/2019,1/24/2019,20,321,,BZ_CA_7_320.jpg,POP ASSAYS REP 7,,BZ_CA_7_320.JPG,596,2031.038,3.408,0.882,328,
BZ7F3L,BZ,7,3,L,340,1/24/2019,2/13/2019,20,341,,BZ_7_340.jpg,POP ASSAYS REP 7,,BZ_7_340.JPG,639,2097.252,3.282,0.959,329,
CA7F3L,CA,7,3,L,340,1/24/2019,2/13/2019,20,341,,CA_7_340.jpg,POP ASSAYS REP 7,,CA_7_340.JPG,177,600.554,3.393,0.462,330,
BF/CA7F3L,BF/CA,7,3,L,340,1/24/2019,2/13/2019,20,341,,BF_CA_7_340.jpg,POP ASSAYS REP 7,,BF_CA_7_340.JPG,1952,6250.616,3.202,1.657,331,
BZ/CA7F3L,BZ/CA,7,3,L,340,1/24/2019,2/13/2019,20,341,,BZ_CA_7_340.jpg,POP ASSAYS REP 7,,BZ_CA_7_340.JPG,428,1353.752,3.163,0.596,332,
BZ7F3L,BZ,7,3,L,360,2/13/2019,3/6/2019,21,362,,BZ_7_360.jpg,POP ASSAYS REP 7,,BZ_7_360.JPG,808,2768.361,3.426,1.167,333,
CA7F3L,CA,7,3,L,360,2/13/2019,3/6/2019,21,362,,CA_7_360.jpg,POP ASSAYS REP 7,,CA_7_360.JPG,159,514.877,3.238,0.7,334,
BF/CA7F3L,BF/CA,7,3,L,360,2/13/2019,3/6/2019,21,362,,BF_CA_7_360.jpg,POP ASSAYS REP 7,,BF_CA_7_360.JPG,1924,6761.937,3.515,1.823,335,
BZ7F3L,BZ,7,3,L,380,3/6/2019,3/25/2019,19,381,,BZ_7_380.jpg,POP ASSAYS REP 7,,BZ_7_380.JPG,1846,6500.222,3.521,2.101,336,
CA7F3L,CA,7,3,L,380,3/6/2019,3/25/2019,19,381,,CA_7_380.jpg,POP ASSAYS REP 7,,CA_7_380.JPG,309,1075.438,3.48,0.868,337,
BZ/CA7F3L,BZ/CA,7,3,L,380,3/6/2019,3/25/2019,19,381,,BZ_CA_7_380.jpg,POP ASSAYS REP 7,,BZ_CA_7_380.JPG,976,3120.046,3.197,1.274,338,
CA7F3L,CA,7,3,L,400,3/25/2019,4/15/2019,21,402,,CA_7_400.jpg,POP ASSAYS REP 7,,CA_7_400.JPG,333,1195.662,3.591,0.809,339,
BZ/CA7F3L,BZ/CA,7,3,L,400,3/25/2019,4/15/2019,21,402,,BZ_CA_7_400.jpg,POP ASSAYS REP 7,,BZ_CA_7_400.JPG,1109,3802.891,3.429,1.268,340,
CA7F3L,CA,7,3,L,420,4/15/2019,5/4/2019,19,421,,CA_7_420.jpg,POP ASSAYS REP 7,,CA_7_420.JPG,553,1665.1,3.011,0.865,341,
CA7F3L,CA,7,3,L,440,5/4/2019,5/25/2019,21,442,,CA_7_440.jpg,POP ASSAYS REP 7,,CA_7_440.jpg,1312,4682.419,3.569,1.551,342,
BF8F3L,BF,8,3,L,40,4/14/2018,5/26/2018,42,42,,BF_8_40.jpg,POP ASSAYS REP 8,Taylor Turner,BF_8_40.JPG,283,805.185,2.845,0.602,343,
BZ8F3L,BZ,8,3,L,40,4/15/2018,5/26/2018,41,42,,BZ_8_40.jpg,POP ASSAYS REP 8,Taylor Turner,BZ_8_40.JPG,265,890.745,3.361,0.596,344,
CA8F3L,CA,8,3,L,40,4/15/2018,5/26/2018,41,42,,CA_8_40.jpg,POP ASSAYS REP 8,Taylor Turner,CA_8_40.JPG,202,618.257,3.061,0.455,345,
BF/BZ8F3L,BF/BZ,8,3,L,40,4/14/2018,5/26/2018,42,42,,BF_BZ_8_40.jpg,POP ASSAYS REP 8,Taylor Turner,BF_BZ_8_40.JPG,108,342.141,3.168,0.609,346,
BF/CA8F3L,BF/CA,8,3,L,40,4/14/2018,5/26/2018,42,42,,BF_CA_8_40.jpg,POP ASSAYS REP 8,Taylor Turner,BF_CA_8_40.JPG,82,218.077,2.659,0.396,347,
BZ/CA8F3L,BZ/CA,8,3,L,40,4/15/2018,5/26/2018,41,42,,BZ_CA_8_40.jpg,POP ASSAYS REP 8,Amy Springer,BZ_CA_8_40.JPG,78,214.594,2.751,0.394,348,
BF8F3L,BF,8,3,L,60,5/26/2018,6/14/2018,19,61,,BF_8_60.jpg,POP ASSAYS REP 8,Amy Springer,BF_8_60.JPG,72,224.138,3.113,0.485,349,
BZ8F3L,BZ,8,3,L,60,5/26/2018,6/14/2018,19,61,,BZ_8_60.jpg,POP ASSAYS REP 8,Amy Springer,BZ_8_60.JPG,88,276.725,3.145,0.558,350,
CA8F3L,CA,8,3,L,60,5/26/2018,6/14/2018,19,61,,CA_8_60.jpg,POP ASSAYS REP 8,Amy Springer,CA_8_60.JPG,146,439.906,3.013,0.799,351,
BF/BZ8F3L,BF/BZ,8,3,L,60,5/26/2018,6/14/2018,19,61,,BF_BZ_8_60.jpg,POP ASSAYS REP 8,Amy Springer,BF_BZ_8_60.JPG,110,315.205,2.866,0.512,352,
BF/CA8F3L,BF/CA,8,3,L,60,5/26/2018,6/14/2018,19,61,,BF_CA_8_60.jpg,POP ASSAYS REP 8,Amy Springer,BF_CA_8_60.JPG,259,789.108,3.047,0.705,353,
BZ/CA8F3L,BZ/CA,8,3,L,60,5/26/2018,6/14/2018,19,61,,BZ_CA_8_60.jpg,POP ASSAYS REP 8,Amy Springer,BZ_CA_8_60.JPG,109,389.252,3.571,0.533,354,
BF8F3L,BF,8,3,L,80,6/14/2018,7/4/2018,20,81,,BF_8_80.jpg,POP ASSAYS REP 8,Amy Springer,BF_8_80.JPG,3,7.053,2.351,0.203,355,
BZ8F3L,BZ,8,3,L,80,6/14/2018,7/4/2018,20,81,,BZ_8_80.jpg,POP ASSAYS REP 8,Amy Springer,BZ_8_80.JPG,105,343.042,3.267,0.45,356,
CA8F3L,CA,8,3,L,80,6/14/2018,7/4/2018,20,81,,CA_8_80.jpg,POP ASSAYS REP 8,Amy Springer,CA_8_80.JPG,304,1022.246,3.363,0.649,357,
BF/BZ8F3L,BF/BZ,8,3,L,80,6/14/2018,7/4/2018,20,81,,BF_BZ_8_80.jpg,POP ASSAYS REP 8,Amy Springer,BF_BZ_8_80.JPG,221,596.218,2.698,0.663,358,
BF/CA8F3L,BF/CA,8,3,L,80,6/14/2018,7/4/2018,20,81,,BF_CA_8_80.jpg,POP ASSAYS REP 8,Amy Springer,BF_CA_8_80.JPG,482,1668.783,3.462,0.642,359,
BZ/CA8F3L,BZ/CA,8,3,L,80,6/14/2018,7/4/2018,20,81,,BZ_CA_8_80.jpg,POP ASSAYS REP 8,Amy Springer,BZ_CA_8_80.JPG,216,634.234,2.936,0.366,360,
BF8F3L,BF,8,3,L,100,7/4/2018,7/25/2018,21,102,,BF_8_100.jpg,POP ASSAYS REP 8,Taylor Turner,BF_8_100.JPG,9,26.405,2.934,0.297,361,
BZ8F3L,BZ,8,3,L,100,7/4/2018,7/25/2018,21,102,,BZ_8_100.jpg,POP ASSAYS REP 8,Taylor Turner,BZ_8_100.JPG,61,193.904,3.179,0.246,362,
CA8F3L,CA,8,3,L,100,7/4/2018,7/25/2018,21,102,,CA_8_100.jpg,POP ASSAYS REP 8,Taylor Turner,CA_8_100.JPG,73,213.752,2.928,0.248,363,
BF/BZ8F3L,BF/BZ,8,3,L,100,7/4/2018,7/25/2018,21,102,,BF_BZ_8_100.jpg,POP ASSAYS REP 8,Taylor Turner,BF_BZ_8_100.JPG,115,316.385,2.751,0.31,364,
BF/CA8F3L,BF/CA,8,3,L,100,7/4/2018,7/25/2018,21,102,,BF_CA_8_100.jpg,POP ASSAYS REP 8,Taylor Turner,BF_CA_8_100.JPG,237,626.123,2.642,0.462,365,
BZ/CA8F3L,BZ/CA,8,3,L,100,7/4/2018,7/25/2018,21,102,,BZ_CA_8_100.jpg,POP ASSAYS REP 8,Taylor Turner,BZ_CA_8_100.JPG,90,292.185,3.246,0.295,366,
BF8F3L,BF,8,3,L,120,7/25/2018,8/13/2018,19,121,,BF_8_120.jpg,POP ASSAYS REP 8,Amy Springer,BF_8_120.JPG,9,22.483,2.498,0.203,367,
BZ8F3L,BZ,8,3,L,120,7/25/2018,8/13/2018,19,121,,BZ_8_120.jpg,POP ASSAYS REP 8,Amy Springer,BZ_8_120.JPG,54,171.429,3.175,0.429,368,
CA8F3L,CA,8,3,L,120,7/25/2018,8/13/2018,19,121,,CA_8_120.jpg,POP ASSAYS REP 8,Amy Springer,CA_8_120.JPG,455,1555.346,3.418,0.729,369,
BF/BZ8F3L,BF/BZ,8,3,L,120,7/25/2018,8/13/2018,19,121,,BF_BZ_8_120.jpg,POP ASSAYS REP 8,Amy Springer,BF_BZ_8_120.JPG,209,694.825,3.325,0.46,370,
BF/CA8F3L,BF/CA,8,3,L,120,7/25/2018,8/13/2018,19,121,,BF_CA_8_120.jpg,POP ASSAYS REP 8,Amy Springer,BF_CA_8_120.JPG,601,1945.036,3.236,0.688,371,
BZ/CA8F3L,BZ/CA,8,3,L,120,7/25/2018,8/13/2018,19,121,,BZ_CA_8_120.jpg,POP ASSAYS REP 8,Amy Springer,BZ_CA_8_120.JPG,238,820.412,3.447,0.5,372,
BF8F3L,BF,8,3,L,140,8/13/2018,9/2/2018,20,141,,BF_8_140.jpg,POP ASSAYS REP 8,Amy Springer,BF_8_140.JPG,5,13.367,2.673,1.196,373,
BZ8F3L,BZ,8,3,L,140,8/13/2018,9/2/2018,20,141,,BZ_8_140.jpg,POP ASSAYS REP 8,Amy Springer,BZ_8_140.JPG,64,216.146,3.377,0.337,374,
CA8F3L,CA,8,3,L,140,8/13/2018,9/2/2018,20,141,,CA_8_140.jpg,POP ASSAYS REP 8,Amy Springer,CA_8_140.JPG,293,1063.21,3.629,0.614,375,
BF/BZ8F3L,BF/BZ,8,3,L,140,8/13/2018,9/2/2018,20,141,,BF_BZ_8_140.jpg,POP ASSAYS REP 8,Amy Springer,BF_BZ_8_140.JPG,211,786.708,3.728,0.461,376,
BF/CA8F3L,BF/CA,8,3,L,140,8/13/2018,9/2/2018,20,141,,BF_CA_8_140.jpg,POP ASSAYS REP 8,Amy Springer,BF_CA_8_140.JPG,535,1860.4,3.477,0.851,377,
BZ/CA8F3L,BZ/CA,8,3,L,140,8/13/2018,9/2/2018,20,141,,BZ_CA_8_140.jpg,POP ASSAYS REP 8,Amy Springer,BZ_CA_8_140.JPG,203,597.372,2.943,0.356,378,
BF8F3L,BF,8,3,L,160,9/2/2018,9/22/2018,20,161,,BF_8_160.jpg,POP ASSAYS REP 8,Amy Springer,BF_8_160.JPG,3,8.256,2.752,0.423,379,
BZ8F3L,BZ,8,3,L,160,9/2/2018,9/22/2018,20,161,,BZ_8_160.jpg,POP ASSAYS REP 8,Amy Springer,BZ_8_160.JPG,41,139.261,3.397,0.276,380,
CA8F3L,CA,8,3,L,160,9/2/2018,9/22/2018,20,161,,CA_8_160.jpg,POP ASSAYS REP 8,Amy Springer,CA_8_160.JPG,87,272.104,3.128,0.305,381,
BF/BZ8F3L,BF/BZ,8,3,L,160,9/2/2018,9/22/2018,20,161,,BF_BZ_8_160.jpg,POP ASSAYS REP 8,Amy Springer,BF_BZ_8_160.JPG,144,500.197,3.474,0.492,382,
BF/CA8F3L,BF/CA,8,3,L,160,9/2/2018,9/22/2018,20,161,,BF_CA_8_160.jpg,POP ASSAYS REP 8,Amy Springer,BF_CA_8_160.JPG,415,1331.601,3.209,0.671,383,
BZ/CA8F3L,BZ/CA,8,3,L,160,9/2/2018,9/22/2018,20,161,,BZ_CA_8_160.jpg,POP ASSAYS REP 8,Amy Springer,BZ_CA_8_160.JPG,135,442.453,3.277,0.336,384,
BF8F3L,BF,8,3,L,180,9/22/2018,10/12/2018,20,181,,BF_8_180.jpg,POP ASSAYS REP 8,Amy Springer,BF_8_180.JPG,4,14.453,3.613,0.249,385,
BZ8F3L,BZ,8,3,L,180,9/22/2018,10/12/2018,20,181,,BZ_8_180.jpg,POP ASSAYS REP 8,Amy Springer,BZ_8_180.JPG,75,253.617,3.382,0.394,386,
CA8F3L,CA,8,3,L,180,9/22/2018,10/12/2018,20,181,,CA_8_180.jpg,POP ASSAYS REP 8,Amy Springer,CA_8_180.JPG,265,1018.886,3.845,0.553,387,
BF/BZ8F3L,BF/BZ,8,3,L,180,9/22/2018,10/12/2018,20,181,,BF_BZ_8_180.jpg,POP ASSAYS REP 8,Amy Springer,BF_BZ_8_180.JPG,277,1048.079,3.784,0.581,388,
BF/CA8F3L,BF/CA,8,3,L,180,9/22/2018,10/12/2018,20,181,,BF_CA_8_180.jpg,POP ASSAYS REP 8,Amy Springer,BF_CA_8_180.JPG,902,3682.253,4.082,1.14,389,
BZ/CA8F3L,BZ/CA,8,3,L,180,9/22/2018,10/12/2018,20,181,,BZ_CA_8_180.jpg,POP ASSAYS REP 8,Amy Springer,BZ_CA_8_180.JPG,332,1145.302,3.45,0.516,390,
BF8F3L,BF,8,3,L,200,10/12/2018,11/1/2018,20,201,,BF_8_200.jpg,POP ASSAYS REP 8,Amy Springer,BF_8_200.JPG,1,2.457,2.457,0.165,391,
BZ8F3L,BZ,8,3,L,200,10/12/2018,11/1/2018,20,201,,BZ_8_200.jpg,POP ASSAYS REP 8,Amy Springer,BZ_8_200.JPG,86,331.458,3.854,0.385,392,
CA8F3L,CA,8,3,L,200,10/12/2018,11/1/2018,20,201,,CA_8_200.jpg,POP ASSAYS REP 8,Amy Springer,CA_8_200.JPG,298,1142.718,3.835,0.617,393,
BF/BZ8F3L,BF/BZ,8,3,L,200,10/12/2018,11/1/2018,20,201,,BF_BZ_8_200.jpg,POP ASSAYS REP 8,Amy Springer,BF_BZ_8_200.JPG,250,813.779,3.255,0.44,394,
BF/CA8F3L,BF/CA,8,3,L,200,10/12/2018,11/1/2018,20,201,,BF_CA_8_200.jpg,POP ASSAYS REP 8,Amy Springer,BF_CA_8_200.JPG,1022,3752.856,3.672,1.262,395,
BZ/CA8F3L,BZ/CA,8,3,L,200,10/12/2018,11/1/2018,20,201,,BZ_CA_8_200.jpg,POP ASSAYS REP 8,Amy Springer,BZ_CA_8_200.JPG,323,1066.642,3.302,0.499,396,
BF8F3L,BF,8,3,L,220,11/1/2018,11/21/2018,20,221,,BF_8_220.jpg,POP ASSAYS REP 8,Amy Springer,BF_8_220.JPG,0,0,NaN,,397,
BZ8F3L,BZ,8,3,L,220,11/1/2018,11/21/2018,20,221,,BZ_8_220.jpg,POP ASSAYS REP 8,Amy Springer,BZ_8_220.JPG,70,276.183,3.945,0.452,398,
CA8F3L,CA,8,3,L,220,11/1/2018,11/21/2018,20,221,,CA_8_220.jpg,POP ASSAYS REP 8,Amy Springer,CA_8_220.JPG,139,503.937,3.625,0.431,399,
BF/BZ8F3L,BF/BZ,8,3,L,220,11/1/2018,11/21/2018,20,221,,BF_BZ_8_220.jpg,POP ASSAYS REP 8,Amy Springer,BF_BZ_8_220.JPG,359,1522.187,4.24,0.79,400,
BF/CA8F3L,BF/CA,8,3,L,220,11/1/2018,11/21/2018,20,221,,BF_CA_8_220.jpg,POP ASSAYS REP 8,Amy Springer,BF_CA_8_220.JPG,1158,4543.191,3.923,1.216,401,
BZ/CA8F3L,BZ/CA,8,3,L,220,11/1/2018,11/21/2018,20,221,,BZ_CA_8_220.jpg,POP ASSAYS REP 8,Amy Springer,BZ_CA_8_220.JPG,277,1003.482,3.623,0.416,402,
BF8F3L,BF,8,3,L,240,11/21/2018,12/11/2018,20,241,,BF_8_240.jpg,POP ASSAYS REP 8,Amy Springer,BF_8_240.JPG,4,7.996,1.999,0.524,403,
BZ8F3L,BZ,8,3,L,240,11/21/2018,12/11/2018,20,241,,BZ_8_240.jpg,POP ASSAYS REP 8,Amy Springer,BZ_8_240.JPG,149,607.912,4.08,0.389,404,
CA8F3L,CA,8,3,L,240,11/21/2018,12/11/2018,20,241,,CA_8_240.jpg,POP ASSAYS REP 8,Amy Springer,CA_8_240.JPG,424,1534.163,3.618,0.654,405,
BF/BZ8F3L,BF/BZ,8,3,L,240,11/21/2018,12/11/2018,20,241,,BF_BZ_8_240.jpg,POP ASSAYS REP 8,Amy Springer,BF_BZ_8_240.JPG,848,2858.298,3.371,0.889,406,
BF/CA8F3L,BF/CA,8,3,L,240,11/21/2018,12/11/2018,20,241,,BF_CA_8_240.jpg,POP ASSAYS REP 8,Amy Springer,BF_CA_8_240.JPG,2100,7088.466,3.375,1.996,407,
BZ/CA8F3L,BZ/CA,8,3,L,240,11/21/2018,12/11/2018,20,241,,BZ_CA_8_240.jpg,POP ASSAYS REP 8,Amy Springer,BZ_CA_8_240.JPG,651,2517.166,3.867,0.767,408,
BF8F3L,BF,8,3,L,260,12/11/2018,12/31/2018,20,261,,BF_8_260.jpg,POP ASSAYS REP 8,Amy Springer,BF_8_260.JPG,2,6.932,3.466,0.335,409,
BZ8F3L,BZ,8,3,L,260,12/11/2018,12/31/2018,20,261,,BZ_8_260.jpg,POP ASSAYS REP 8,Amy Springer,BZ_8_260.JPG,209,779.46,3.729,0.487,410,
CA8F3L,CA,8,3,L,260,12/11/2018,12/31/2018,20,261,,CA_8_260.jpg,POP ASSAYS REP 8,Amy Springer,CA_8_260.JPG,662,2388.841,3.609,0.78,411,
BF/BZ8F3L,BF/BZ,8,3,L,260,12/11/2018,12/31/2018,20,261,,BF_BZ_8_260.jpg,POP ASSAYS REP 8,Amy Springer,BF_BZ_8_260.JPG,1162,3838.883,3.304,1.195,412,
BF/CA8F3L,BF/CA,8,3,L,260,12/11/2018,12/31/2018,20,261,,BF_CA_8_260.jpg,POP ASSAYS REP 8,Amy Springer,BF_CA_8_260.JPG,2070,7389.588,3.57,1.649,413,
BZ/CA8F3L,BZ/CA,8,3,L,260,12/11/2018,12/31/2018,20,261,,BZ_CA_8_260.jpg,POP ASSAYS REP 8,Amy Springer,BZ_CA_8_260.JPG,898,2993.984,3.334,0.886,414,
BF8F3L,BF,8,3,L,280,12/31/2018,1/20/2019,20,281,,BF_8_280.jpg,POP ASSAYS REP 8,Amy Springer,BF_8_280.JPG,0,0,NaN,0,415,
BZ8F3L,BZ,8,3,L,280,12/31/2018,1/20/2019,20,281,,BZ_8_280.jpg,POP ASSAYS REP 8,Amy Springer,BZ_8_280.JPG,277,979.097,3.535,0.664,416,
CA8F3L,CA,8,3,L,280,12/31/2018,1/20/2019,20,281,,CA_8_280.jpg,POP ASSAYS REP 8,Amy Springer,CA_8_280.JPG,330,1131.873,3.43,0.431,417,
BF/BZ8F3L,BF/BZ,8,3,L,280,12/31/2018,1/20/2019,20,281,,BF_BZ_8_280.jpg,POP ASSAYS REP 8,Amy Springer,BF_BZ_8_280.JPG,1262,4309.57,3.415,1.197,418,
BF/CA8F3L,BF/CA,8,3,L,280,12/31/2018,1/20/2019,20,281,,BF_CA_8_280.jpg,POP ASSAYS REP 8,Amy Springer,BF_CA_8_280.JPG,1808,5473.564,3.027,1.447,419,
BZ/CA8F3L,BZ/CA,8,3,L,280,12/31/2018,1/20/2019,20,281,,BZ_CA_8_280.jpg,POP ASSAYS REP 8,Amy Springer,BZ_CA_8_280.JPG,943,3334.483,3.536,1.012,420,
BF8F3L,BF,8,3,L,300,1/20/2019,2/10/2019,21,302,,BF_8_300.jpg,POP ASSAYS REP 8,Amy Springer,BF_8_300.JPG,2,7.245,3.623,0.407,421,
BZ8F3L,BZ,8,3,L,300,1/20/2019,2/10/2019,21,302,,BZ_8_300.jpg,POP ASSAYS REP 8,Amy Springer,BZ_8_300.JPG,342,1370.636,4.008,0.66,422,
CA8F3L,CA,8,3,L,300,1/20/2019,2/10/2019,21,302,,CA_8_300.jpg,POP ASSAYS REP 8,Amy Springer,CA_8_300.JPG,603,2290.668,3.799,0.77,423,
BZ/CA8F3L,BZ/CA,8,3,L,300,1/20/2019,2/10/2019,21,302,,BZ_CA_8_300.jpg,POP ASSAYS REP 8,Amy Springer,BZ_CA_8_300.JPG,1363,5282.102,3.875,1.674,424,
BF8F3L,BF,8,3,L,320,2/10/2019,3/3/2019,21,323,,BF_8_320.jpg,POP ASSAYS REP 8,Amy Springer,BF_8_320.JPG,0,0,NaN,0,425,
BZ8F3L,BZ,8,3,L,320,2/10/2019,3/3/2019,21,323,,BZ_8_320.jpg,POP ASSAYS REP 8,Amy Springer,BZ_8_320.JPG,533,2125.574,3.988,0.818,426,
CA8F3L,CA,8,3,L,320,2/10/2019,3/3/2019,21,323,,CA_8_320.jpg,POP ASSAYS REP 8,Amy Springer,CA_8_320.JPG,810,2983.445,3.683,1.007,427,
BZ/CA8F3L,BZ/CA,8,3,L,320,2/10/2019,3/3/2019,21,323,,BZ_CA_8_320.jpg,POP ASSAYS REP 8,Amy Springer,BZ_CA_8_320.JPG,1563,5606.158,3.587,1.596,428,
BF8F3L,BF,8,3,L,340,3/3/2019,3/22/2019,19,342,,BF_8_340.jpg,POP ASSAYS REP 8,Amy Springer,BF_8_340.JPG,43,172.663,4.015,0.998,429,
BZ8F3L,BZ,8,3,L,340,3/3/2019,3/22/2019,19,342,,BZ_8_340.jpg,POP ASSAYS REP 8,Amy Springer,BZ_8_340.JPG,975,3799.963,3.897,1.15,430,
CA8F3L,CA,8,3,L,340,3/3/2019,3/22/2019,19,342,,CA_8_340.jpg,POP ASSAYS REP 8,Amy Springer,CA_8_340.JPG,719,2249.309,3.128,0.706,431,
BZ/CA8F3L,BZ/CA,8,3,L,340,3/3/2019,3/22/2019,19,342,,BZ_CA_8_340.jpg,POP ASSAYS REP 8,Amy Springer,BZ_CA_8_340.JPG,1989,7083.957,3.562,1.789,432,
BF8F3L,BF,8,3,L,360,3/22/2019,4/11/2019,20,362,,BF_8_360.jpg,POP ASSAYS REP 8,Amy Springer,BF_8_360.JPG,23,91.889,3.995,0.499,433,
BZ8F3L,BZ,8,3,L,360,3/22/2019,4/11/2019,20,362,,BZ_8_360.jpg,POP ASSAYS REP 8,Amy Springer,BZ_8_360.JPG,1572,5992.434,3.812,1.583,434,
CA8F3L,CA,8,3,L,360,3/22/2019,4/11/2019,20,362,,CA_8_360.jpg,POP ASSAYS REP 8,Amy Springer,CA_8_360.JPG,1285,4401.843,3.426,1.142,435,
BF8F3L,BF,8,3,L,380,4/11/2019,4/30/2019,19,381,,BF_8_380.jpg,POP ASSAYS REP 8,Amy Springer,BF_8_380.JPG,204,678.504,3.326,0.465,436,
BF8F3L,BF,8,3,L,400,4/30/2019,5/21/2019,21,402,,BF_8_400.jpg,POP ASSAYS REP 8,Amy Springer,BF_8_400.JPG,398,1739.383,4.37,0.933,437,
BF9F3L,BF,9,3,L,40,4/14/2018,5/26/2018,42,42,,BF_9_40.jpg,POP ASSAYS REP 9,,BF_9_40.JPG,27,106.145,3.931,0.717,438,
BZ9F3L,BZ,9,3,L,40,4/14/2018,5/26/2018,42,42,,BZ_9_40.jpg,POP ASSAYS REP 9,,BZ_9_40.JPG,3,10.532,3.511,0.446,439,
CA9F3L,CA,9,3,L,40,4/14/2018,5/26/2018,42,42,,CA_9_40.jpg,POP ASSAYS REP 9,,CA_9_40.JPG,6,23.069,3.845,0.65,440,
BF/BZ9F3L,BF/BZ,9,3,L,40,4/14/2018,5/26/2018,42,42,,BF_BZ_9_40.jpg,POP ASSAYS REP 9,,BF_BZ_9_40.JPG,18,55.987,3.11,0.689,441,
BF/CA9F3L,BF/CA,9,3,L,40,4/14/2018,5/26/2018,42,42,,BF_CA_9_40.jpg,POP ASSAYS REP 9,,BF_CA_9_40.JPG,134,455.78,3.401,0.642,442,
BZ/CA9F3L,BZ/CA,9,3,L,40,4/14/2018,5/26/2018,42,42,,BZ_CA_9_40.jpg,POP ASSAYS REP 9,,BZ_CA_9_40.JPG,125,415.926,3.327,0.74,443,
BF9F3L,BF,9,3,L,60,5/26/2018,6/14/2018,19,61,,BF_9_60.jpg,POP ASSAYS REP 9,,BF_9_60.JPG,16,63.016,3.939,0.62,444,
BZ9F3L,BZ,9,3,L,60,5/26/2018,6/14/2018,19,61,,BZ_9_60.jpg,POP ASSAYS REP 9,,BZ_9_60.JPG,12,57.435,4.786,1.27,445,
CA9F3L,CA,9,3,L,60,5/26/2018,6/14/2018,19,61,,CA_9_60.jpg,POP ASSAYS REP 9,,CA_9_60.JPG,115,410.627,3.571,1.229,446,
BF/BZ9F3L,BF/BZ,9,3,L,60,5/26/2018,6/14/2018,19,61,,BF_BZ_9_60.jpg,POP ASSAYS REP 9,,BF_BZ_9_60.JPG,39,142.878,3.664,0.602,447,
BF/CA9F3L,BF/CA,9,3,L,60,5/26/2018,6/14/2018,19,61,,BF_CA_9_60.jpg,POP ASSAYS REP 9,,BF_CA_9_60.JPG,232,792.72,3.417,0.764,448,
BZ/CA9F3L,BZ/CA,9,3,L,60,5/26/2018,6/14/2018,19,61,,BZ_CA_9_60.jpg,POP ASSAYS REP 9,,BZ_CA_9_60.JPG,84,354.812,4.224,0.662,449,
BF9F3L,BF,9,3,L,80,6/14/2018,7/4/2018,20,81,,BF_9_80.jpg,POP ASSAYS REP 9,,BF_9_80.JPG,11,30.296,2.754,0.793,450,
BZ9F3L,BZ,9,3,L,80,6/14/2018,7/4/2018,20,81,,BZ_9_80.jpg,POP ASSAYS REP 9,,BZ_9_80.JPG,66,274.775,4.163,0.886,451,
CA9F3L,CA,9,3,L,80,6/14/2018,7/4/2018,20,81,,CA_9_80.jpg,POP ASSAYS REP 9,,CA_9_80.JPG,385,1247.816,3.241,0.91,452,
BF/BZ9F3L,BF/BZ,9,3,L,80,6/14/2018,7/4/2018,20,81,,BF_BZ_9_80.jpg,POP ASSAYS REP 9,,BF_BZ_9_80.JPG,174,609.37,3.502,0.558,453,
BF/CA9F3L,BF/CA,9,3,L,80,6/14/2018,7/4/2018,20,81,,BF_CA_9_80.jpg,POP ASSAYS REP 9,,BF_CA_9_80.JPG,470,1634.708,3.478,0.746,454,
BZ/CA9F3L,BZ/CA,9,3,L,80,6/14/2018,7/4/2018,20,81,,BZ_CA_9_80.jpg,POP ASSAYS REP 9,,BZ_CA_9_80.JPG,201,665.545,3.311,0.572,455,
BF9F3L,BF,9,3,L,100,7/4/2018,7/25/2018,21,102,,BF_9_100.jpg,POP ASSAYS REP 9,,BF_9_100.JPG,13,39.092,3.007,0.814,456,
BZ9F3L,BZ,9,3,L,100,7/4/2018,7/25/2018,21,102,,BZ_9_100.jpg,POP ASSAYS REP 9,,BZ_9_100.JPG,41,126.888,3.095,0.554,457,
CA9F3L,CA,9,3,L,100,7/4/2018,7/25/2018,21,102,,CA_9_100.jpg,POP ASSAYS REP 9,,CA_9_100.JPG,120,371.437,3.095,0.737,458,
BF/BZ9F3L,BF/BZ,9,3,L,100,7/4/2018,7/25/2018,21,102,,BF_BZ_9_100.jpg,POP ASSAYS REP 9,,BF_BZ_9_100.JPG,97,327.999,3.381,0.574,459,
BF/CA9F3L,BF/CA,9,3,L,100,7/4/2018,7/25/2018,21,102,,BF_CA_9_100.jpg,POP ASSAYS REP 9,,BF_CA_9_100.JPG,247,781.592,3.164,0.741,460,
BZ/CA9F3L,BZ/CA,9,3,L,100,7/4/2018,7/25/2018,21,102,,BZ_CA_9_100.jpg,POP ASSAYS REP 9,,BZ_CA_9_100.JPG,58,179.554,3.096,0.591,461,
BF9F3L,BF,9,3,L,120,7/25/2018,8/13/2018,19,121,,BF_9_120.jpg,POP ASSAYS REP 9,,BF_9_120.JPG,5,14.195,2.839,0.537,462,
BZ9F3L,BZ,9,3,L,120,7/25/2018,8/13/2018,19,121,,BZ_9_120.jpg,POP ASSAYS REP 9,,BZ_9_120.JPG,56,199.247,3.558,1.044,463,
CA9F3L,CA,9,3,L,120,7/25/2018,8/13/2018,19,121,,CA_9_120.jpg,POP ASSAYS REP 9,,CA_9_120.JPG,421,1571.605,3.733,0.974,464,
BF/BZ9F3L,BF/BZ,9,3,L,120,7/25/2018,8/13/2018,19,121,,BF_BZ_9_120.jpg,POP ASSAYS REP 9,,BF_BZ_9_120.JPG,212,892.711,4.211,0.783,465,
BF/CA9F3L,BF/CA,9,3,L,120,7/25/2018,8/13/2018,19,121,,BF_CA_9_120.jpg,POP ASSAYS REP 9,,BF_CA_9_120.JPG,803,2532.626,3.154,1.175,466,
BZ/CA9F3L,BZ/CA,9,3,L,120,7/25/2018,8/13/2018,19,121,,BZ_CA_9_120.jpg,POP ASSAYS REP 9,,BZ_CA_9_120.JPG,214,749.948,3.504,0.749,467,
BF9F3L,BF,9,3,L,140,8/13/2018,9/2/2018,20,141,,BF_9_140.jpg,POP ASSAYS REP 9,,BF_9_140.JPG,4,10.848,2.712,0.273,468,
BZ9F3L,BZ,9,3,L,140,8/13/2018,9/2/2018,20,141,,BZ_9_140.jpg,POP ASSAYS REP 9,,BZ_9_140.JPG,27,102.181,3.784,0.515,469,
CA9F3L,CA,9,3,L,140,8/13/2018,9/2/2018,20,141,,CA_9_140.jpg,POP ASSAYS REP 9,,CA_9_140.JPG,339,1233.611,3.639,0.841,470,
BF/BZ9F3L,BF/BZ,9,3,L,140,8/13/2018,9/2/2018,20,141,,BF_BZ_9_140.jpg,POP ASSAYS REP 9,,BF_BZ_9_140.JPG,242,786.808,3.251,0.73,471,
BF/CA9F3L,BF/CA,9,3,L,140,8/13/2018,9/2/2018,20,141,,BF_CA_9_140.jpg,POP ASSAYS REP 9,,BF_CA_9_140.JPG,600,2138.247,3.564,1.226,472,
BZ/CA9F3L,BZ/CA,9,3,L,140,8/13/2018,9/2/2018,20,141,,BZ_CA_9_140.jpg,POP ASSAYS REP 9,,BZ_CA_9_140.JPG,170,629.717,3.704,0.589,473,
BF9F3L,BF,9,3,L,160,9/2/2018,9/22/2018,20,161,,BF_9_160.jpg,POP ASSAYS REP 9,,BF_9_160.JPG,0,0,NaN,0,474,
BZ9F3L,BZ,9,3,L,160,9/2/2018,9/22/2018,20,161,,BZ_9_160.jpg,POP ASSAYS REP 9,,BZ_9_160.JPG,54,188.307,3.487,0.834,475,
CA9F3L,CA,9,3,L,160,9/2/2018,9/22/2018,20,161,,CA_9_160.jpg,POP ASSAYS REP 9,,CA_9_160.JPG,139,496.479,3.572,0.487,476,
BF/BZ9F3L,BF/BZ,9,3,L,160,9/2/2018,9/22/2018,20,161,,BF_BZ_9_160.jpg,POP ASSAYS REP 9,,BF_BZ_9_160.JPG,122,417.91,3.425,0.557,477,
BF/CA9F3L,BF/CA,9,3,L,160,9/2/2018,9/22/2018,20,161,,BF_CA_9_160.jpg,POP ASSAYS REP 9,,BF_CA_9_160.JPG,251,913.764,3.64,0.867,478,
BZ/CA9F3L,BZ/CA,9,3,L,160,9/2/2018,9/22/2018,20,161,,BZ_CA_9_160.jpg,POP ASSAYS REP 9,,BZ_CA_9_160.JPG,83,313.366,3.775,0.646,479,
BF9F3L,BF,9,3,L,180,9/22/2018,10/12/2018,20,181,,BF_9_180.jpg,POP ASSAYS REP 9,,BF_9_180.JPG,3,7.891,2.63,0.975,480,
BZ9F3L,BZ,9,3,L,180,9/22/2018,10/12/2018,20,181,,BZ_9_180.jpg,POP ASSAYS REP 9,,BZ_9_180.JPG,41,146.32,3.569,0.715,481,
CA9F3L,CA,9,3,L,180,9/22/2018,10/12/2018,20,181,,CA_9_180.jpg,POP ASSAYS REP 9,,CA_9_180.JPG,299,1148.667,3.842,0.873,482,
BF/BZ9F3L,BF/BZ,9,3,L,180,9/22/2018,10/12/2018,20,181,,BF_BZ_9_180.jpg,POP ASSAYS REP 9,,BF_BZ_9_180.JPG,303,1140.344,3.764,0.822,483,
BF/CA9F3L,BF/CA,9,3,L,180,9/22/2018,10/12/2018,20,181,,BF_CA_9_180.jpg,POP ASSAYS REP 9,,BF_CA_9_180.JPG,649,2230.649,3.437,1.049,484,
BZ/CA9F3L,BZ/CA,9,3,L,180,9/22/2018,10/12/2018,20,181,,BZ_CA_9_180.jpg,POP ASSAYS REP 9,,BZ_CA_9_180.JPG,159,546.674,3.438,0.683,485,
BF9F3L,BF,9,3,L,200,10/12/2018,11/1/2018,20,201,,BF_9_200.jpg,POP ASSAYS REP 9,,BF_9_200.JPG,1,3.697,3.697,0.195,486,
BZ9F3L,BZ,9,3,L,200,10/12/2018,11/1/2018,20,201,,BZ_9_200.jpg,POP ASSAYS REP 9,,BZ_9_200.JPG,43,180.786,4.204,0.599,487,
CA9F3L,CA,9,3,L,200,10/12/2018,11/1/2018,20,201,,CA_9_200.jpg,POP ASSAYS REP 9,,CA_9_200.JPG,326,1102.765,3.383,0.763,488,
BF/BZ9F3L,BF/BZ,9,3,L,200,10/12/2018,11/1/2018,20,201,,BF_BZ_9_200.jpg,POP ASSAYS REP 9,,BF_BZ_9_200.JPG,492,1962.138,3.988,0.864,489,
BF/CA9F3L,BF/CA,9,3,L,200,10/12/2018,11/1/2018,20,201,,BF_CA_9_200.jpg,POP ASSAYS REP 9,,BF_CA_9_200.JPG,744,2751.542,3.698,1.14,490,
BZ/CA9F3L,BZ/CA,9,3,L,200,10/12/2018,11/1/2018,20,201,,BZ_CA_9_200.jpg,POP ASSAYS REP 9,,BZ_CA_9_200.JPG,168,616.25,3.668,0.551,491,
BF9F3L,BF,9,3,L,220,11/1/2018,11/21/2018,20,221,,BF_9_220.jpg,POP ASSAYS REP 9,,BF_9_220.JPG,0,0,NaN,0,492,
BZ9F3L,BZ,9,3,L,220,11/1/2018,11/21/2018,20,221,,BZ_9_220.jpg,POP ASSAYS REP 9,,BZ_9_220.JPG,50,174.277,3.486,0.493,493,
CA9F3L,CA,9,3,L,220,11/1/2018,11/21/2018,20,221,,CA_9_220.jpg,POP ASSAYS REP 9,,CA_9_220.JPG,166,568.175,3.423,0.717,494,
BF/BZ9F3L,BF/BZ,9,3,L,220,11/1/2018,11/21/2018,20,221,,BF_BZ_9_220.jpg,POP ASSAYS REP 9,,BF_BZ_9_220.JPG,564,1895.862,3.361,0.926,495,
BF/CA9F3L,BF/CA,9,3,L,220,11/1/2018,11/21/2018,20,221,,BF_CA_9_220.jpg,POP ASSAYS REP 9,,BF_CA_9_220.JPG,588,1896.496,3.225,0.85,496,
BZ/CA9F3L,BZ/CA,9,3,L,220,11/1/2018,11/21/2018,20,221,,BZ_CA_9_220.jpg,POP ASSAYS REP 9,,BZ_CA_9_220.JPG,162,659.989,4.074,0.486,497,
BF9F3L,BF,9,3,L,240,11/21/2018,12/11/2018,20,241,,BF_9_240.jpg,POP ASSAYS REP 9,,BF_9_240.JPG,0,0,NaN,0,498,
BZ9F3L,BZ,9,3,L,240,11/21/2018,12/11/2018,20,241,,BZ_9_240.jpg,POP ASSAYS REP 9,,BZ_9_240.JPG,102,369.368,3.621,0.73,499,
CA9F3L,CA,9,3,L,240,11/21/2018,12/11/2018,20,241,,CA_9_240.jpg,POP ASSAYS REP 9,,CA_9_240.JPG,510,1811.053,3.551,0.993,500,
BF/BZ9F3L,BF/BZ,9,3,L,240,11/21/2018,12/11/2018,20,241,,BF_BZ_9_240.jpg,POP ASSAYS REP 9,,BF_BZ_9_240.JPG,1147,4074.412,3.552,1.373,501,
BF/CA9F3L,BF/CA,9,3,L,240,11/21/2018,12/11/2018,20,241,,BF_CA_9_240.jpg,POP ASSAYS REP 9,,BF_CA_9_240.JPG,1289,4528.066,3.513,1.529,502,
BZ/CA9F3L,BZ/CA,9,3,L,240,11/21/2018,12/11/2018,20,241,,BZ_CA_9_240.jpg,POP ASSAYS REP 9,,BZ_CA_9_240.JPG,364,1242.243,3.413,0.712,503,
BF9F3L,BF,9,3,L,260,12/11/2018,12/31/2018,20,261,,BF_9_260.jpg,POP ASSAYS REP 9,,BF_9_260.JPG,0,0,NaN,0,504,
BZ9F3L,BZ,9,3,L,260,12/11/2018,12/31/2018,20,261,,BZ_9_260.jpg,POP ASSAYS REP 9,,BZ_9_260.JPG,94,346.694,3.688,0.617,505,
CA9F3L,CA,9,3,L,260,12/11/2018,12/31/2018,20,261,,CA_9_260.jpg,POP ASSAYS REP 9,,CA_9_260.JPG,559,1601.367,2.865,0.998,506,
BF/BZ9F3L,BF/BZ,9,3,L,260,12/11/2018,12/31/2018,20,261,,BF_BZ_9_260.jpg,POP ASSAYS REP 9,,BF_BZ_9_260.JPG,1559,5149.632,3.303,1.668,507,
BF/CA9F3L,BF/CA,9,3,L,260,12/11/2018,12/31/2018,20,261,,BF_CA_9_260.jpg,POP ASSAYS REP 9,,BF_CA_9_260.JPG,1519,5056.158,3.329,1.809,508,
BZ/CA9F3L,BZ/CA,9,3,L,260,12/11/2018,12/31/2018,20,261,,BZ_CA_9_260.jpg,POP ASSAYS REP 9,,BZ_CA_9_260.JPG,632,2092.845,3.311,1.113,509,
BF9F3L,BF,9,3,L,280,12/31/2018,1/20/2019,20,281,,BF_9_280.jpg,POP ASSAYS REP 9,,BF_9_280.JPG,0,0,NaN,0,510,
BZ9F3L,BZ,9,3,L,280,12/31/2018,1/20/2019,20,281,,BZ_9_280.jpg,POP ASSAYS REP 9,,BZ_9_280.JPG,129,479.058,3.714,0.723,511,
CA9F3L,CA,9,3,L,280,12/31/2018,1/20/2019,20,281,,CA_9_280.jpg,POP ASSAYS REP 9,,CA_9_280.JPG,282,955.382,3.388,0.721,512,
BF/BZ9F3L,BF/BZ,9,3,L,280,12/31/2018,1/20/2019,20,281,,BF_BZ_9_280.jpg,POP ASSAYS REP 9,,BF_BZ_9_280.JPG,1505,6108.893,4.059,1.719,513,
BF/CA9F3L,BF/CA,9,3,L,280,12/31/2018,1/20/2019,20,281,,BF_CA_9_280.jpg,POP ASSAYS REP 9,,BF_CA_9_280.JPG,1366,4106.917,3.007,1.255,514,
BZ/CA9F3L,BZ/CA,9,3,L,280,12/31/2018,1/20/2019,20,281,,BZ_CA_9_280.jpg,POP ASSAYS REP 9,,BZ_CA_9_280.JPG,563,2021.933,3.591,1.099,515,
BF9F3L,BF,9,3,L,300,1/20/2019,2/10/2019,21,302,,BF_9_300.jpg,POP ASSAYS REP 9,,BF_9_300.JPG,1,3.151,3.151,0.221,516,
BZ9F3L,BZ,9,3,L,300,1/20/2019,2/10/2019,21,302,,BZ_9_300.jpg,POP ASSAYS REP 9,,BZ_9_300.JPG,114,447.301,3.924,0.516,517,
CA9F3L,CA,9,3,L,300,1/20/2019,2/10/2019,21,302,,CA_9_300.jpg,POP ASSAYS REP 9,,CA_9_300.JPG,455,1490.471,3.276,0.822,518,
BF/CA9F3L,BF/CA,9,3,L,300,1/20/2019,2/10/2019,21,302,,BF_CA_9_300.jpg,POP ASSAYS REP 9,,BF_CA_9_300.JPG,1427,4904.353,3.437,1.488,519,
BZ/CA9F3L,BZ/CA,9,3,L,300,1/20/2019,2/10/2019,21,302,,BZ_CA_9_300.jpg,POP ASSAYS REP 9,,BZ_CA_9_300.JPG,1036,3729.859,3.6,1.315,520,
BF9F3L,BF,9,3,L,320,2/10/2019,3/3/2019,21,323,,BF_9_320.jpg,POP ASSAYS REP 9,,BF_9_320.JPG,0,0,NaN,0,521,
BZ9F3L,BZ,9,3,L,320,2/10/2019,3/3/2019,21,323,,BZ_9_320.jpg,POP ASSAYS REP 9,,BZ_9_320.JPG,203,803.591,3.959,0.693,522,
CA9F3L,CA,9,3,L,320,2/10/2019,3/3/2019,21,323,,CA_9_320.jpg,POP ASSAYS REP 9,,CA_9_320.JPG,826,2682.575,3.248,1.135,523,
BF/CA9F3L,BF/CA,9,3,L,320,2/10/2019,3/3/2019,21,323,,BF_CA_9_320.jpg,POP ASSAYS REP 9,,BF_CA_9_320.JPG,1879,6945.509,3.696,1.946,524,
BZ/CA9F3L,BZ/CA,9,3,L,320,2/10/2019,3/3/2019,21,323,,BZ_CA_9_320.jpg,POP ASSAYS REP 9,,BZ_CA_9_320.JPG,944,3770.619,3.994,1.371,525,
BF9F3L,BF,9,3,L,340,3/3/2019,3/22/2019,19,342,,BF_9_340.jpg,POP ASSAYS REP 9,,BF_9_340.JPG,0,0,NaN,0,526,
BZ9F3L,BZ,9,3,L,340,3/3/2019,3/22/2019,19,342,,BZ_9_340.jpg,POP ASSAYS REP 9,,BZ_9_340.JPG,215,887.744,4.129,0.817,527,
CA9F3L,CA,9,3,L,340,3/3/2019,3/22/2019,19,342,,CA_9_340.jpg,POP ASSAYS REP 9,,CA_9_340.JPG,570,1766.255,3.099,0.823,528,
BF/CA9F3L,BF/CA,9,3,L,340,3/3/2019,3/22/2019,19,342,,BF_CA_9_340.jpg,POP ASSAYS REP 9,,BF_CA_9_340.JPG,1389,4516.979,3.252,1.397,529,
BZ/CA9F3L,BZ/CA,9,3,L,340,3/3/2019,3/22/2019,19,342,,BZ_CA_9_340.jpg,POP ASSAYS REP 9,,BZ_CA_9_340.JPG,955,3440.39,3.603,1.155,530,
BF9F3L,BF,9,3,L,360,3/22/2019,4/11/2019,20,362,,BF_9_360.jpg,POP ASSAYS REP 9,,BF_9_360.JPG,0,0,NaN,0,531,
BZ9F3L,BZ,9,3,L,360,3/22/2019,4/11/2019,20,362,,BZ_9_360.jpg,POP ASSAYS REP 9,,BZ_9_360.JPG,828,3113.497,3.76,1.276,532,
CA9F3L,CA,9,3,L,360,3/22/2019,4/11/2019,20,362,,CA_9_360.jpg,POP ASSAYS REP 9,,CA_9_360.JPG,1236,4703.893,3.806,1.654,533,
BF9F3L,BF,9,3,L,380,4/11/2019,4/30/2019,19,381,,BF_9_380.jpg,POP ASSAYS REP 9,,BF_9_380.JPG,0,0,NaN,0,534,
BZ9F3L,BZ,9,3,L,380,4/11/2019,4/30/2019,19,381,,BZ_9_380.jpg,POP ASSAYS REP 9,,BZ_9_380.JPG,1133,3936.186,3.474,1.657,535,
BF9F3L,BF,9,3,L,400,4/30/2019,5/21/2019,21,402,,BF_9_400.jpg,POP ASSAYS REP 9,,BF_9_400.JPG,3,15.857,5.286,0.517,536,
BF10F3L,BF,10,3,L,60,5/14/2018,7/13/2018,60,60,,BF_10_60.jpg,POP ASSAYS REP 10,Taylor Turner,BF_10_60.jpg,41,153.594,3.746,0.997,537,
BZ10F3L,BZ,10,3,L,60,5/14/2018,7/13/2018,60,60,,BZ_10_60.jpg,POP ASSAYS REP 10,Taylor Turner,BZ_10_60.jpg,51,178.214,3.494,0.782,538,
CA10F3L,CA,10,3,L,60,5/14/2018,7/13/2018,60,60,,CA_10_60.jpg,POP ASSAYS REP 10,Taylor Turner,CA_10_60.jpg,42,152.43,3.629,0.888,539,
BF/BZ10F3L,BF/BZ,10,3,L,60,5/14/2018,7/13/2018,60,60,,BF_BZ_10_60.jpg,POP ASSAYS REP 10,Taylor Turner,BF_BZ_10_60.jpg,17,50.141,2.949,0.63,540,
BF/CA10F3L,BF/CA,10,3,L,60,5/14/2018,7/13/2018,60,60,,BF_CA_10_60.jpg,POP ASSAYS REP 10,Taylor Turner,BF_CA_10_60.jpg,22,69.42,3.155,0.477,541,
BZ/CA10F3L,BZ/CA,10,3,L,60,5/14/2018,7/13/2018,60,60,,BZ_CA_10_60.jpg,POP ASSAYS REP 10,Taylor Turner,BZ_CA_10_60.jpg,30,105.065,3.502,0.947,542,
BF10F3L,BF,10,3,L,80,7/13/2018,8/3/2018,21,81,,BF_10_80.jpg,POP ASSAYS REP 10,Amy Springer,BF_10_80.jpg,17,52.183,3.07,1.597,543,
BZ10F3L,BZ,10,3,L,80,7/13/2018,8/3/2018,21,81,,BZ_10_80.jpg,POP ASSAYS REP 10,Amy Springer,BZ_10_80.jpg,142,465.206,3.276,1.011,544,
CA10F3L,CA,10,3,L,80,7/13/2018,8/3/2018,21,81,,CA_10_80.jpg,POP ASSAYS REP 10,Amy Springer,CA_10_80.jpg,444,1402.517,3.159,1.182,545,
BF/BZ10F3L,BF/BZ,10,3,L,80,7/13/2018,8/3/2018,21,81,,BF_BZ_10_80.jpg,POP ASSAYS REP 10,Amy Springer,BF_BZ_10_80.jpg,144,491.971,3.416,1.101,546,
BF/CA10F3L,BF/CA,10,3,L,80,7/13/2018,8/3/2018,21,81,,BF_CA_10_80.jpg,POP ASSAYS REP 10,Amy Springer,BF_CA_10_80.jpg,248,794.66,3.204,1.331,547,
BZ/CA10F3L,BZ/CA,10,3,L,80,7/13/2018,8/3/2018,21,81,,BZ_CA_10_80.jpg,POP ASSAYS REP 10,Amy Springer,BZ_CA_10_80.jpg,339,1124.905,3.318,1.193,548,
BF10F3L,BF,10,3,L,100,8/3/2018,8/23/2018,20,101,,BF_10_100.jpg,POP ASSAYS REP 10,Taylor Turner,BF_10_100.jpg,5,17.537,3.507,0.622,549,
BZ10F3L,BZ,10,3,L,100,8/3/2018,8/23/2018,20,101,,BZ_10_100.jpg,POP ASSAYS REP 10,Taylor Turner,BZ_10_100.jpg,88,275.605,3.132,0.798,550,
CA10F3L,CA,10,3,L,100,8/3/2018,8/23/2018,20,101,,CA_10_100.jpg,POP ASSAYS REP 10,Taylor Turner,CA_10_100.jpg,176,549.961,3.125,1.218,551,
BF/BZ10F3L,BF/BZ,10,3,L,100,8/3/2018,8/23/2018,20,101,,BF_BZ_10_100.jpg,POP ASSAYS REP 10,Taylor Turner,BF_BZ_10_100.jpg,79,264.025,3.342,0.753,552,
BF/CA10F3L,BF/CA,10,3,L,100,8/3/2018,8/23/2018,20,101,,BF_CA_10_100.jpg,POP ASSAYS REP 10,Taylor Turner,BF_CA_10_100.jpg,80,275.049,3.438,0.732,553,
BZ/CA10F3L,BZ/CA,10,3,L,100,8/3/2018,8/23/2018,20,101,,BZ_CA_10_100.jpg,POP ASSAYS REP 10,Taylor Turner,BZ_CA_10_100.jpg,145,456.418,3.148,0.884,554,
BF10F3L,BF,10,3,L,120,8/23/2018,9/11/2018,19,120,,BF_10_120.jpg,POP ASSAYS REP 10,Taylor Turner,BF_10_120.jpg,2,6.678,3.339,0.378,555,
BZ10F3L,BZ,10,3,L,120,8/23/2018,9/11/2018,19,120,,BZ_10_120.jpg,POP ASSAYS REP 10,Taylor Turner,BZ_10_120.jpg,65,220.634,3.394,1.167,556,
CA10F3L,CA,10,3,L,120,8/23/2018,9/11/2018,19,120,,CA_10_120.jpg,POP ASSAYS REP 10,Taylor Turner,CA_10_120.jpg,365,1306.568,3.58,1.096,557,
BF/BZ10F3L,BF/BZ,10,3,L,120,8/23/2018,9/11/2018,19,120,,BF_BZ_10_120.jpg,POP ASSAYS REP 10,Taylor Turner,BF_BZ_10_120.jpg,119,435.976,3.664,0.498,558,
BF/CA10F3L,BF/CA,10,3,L,120,8/23/2018,9/11/2018,19,120,,BF_CA_10_120.jpg,POP ASSAYS REP 10,Taylor Turner,BF_CA_10_120.jpg,361,1313.757,3.639,0.901,559,
BZ/CA10F3L,BZ/CA,10,3,L,120,8/23/2018,9/11/2018,19,120,,BZ_CA_10_120.jpg,POP ASSAYS REP 10,Amy Springer,BZ_CA_10_120.jpg,293,925.08,3.157,0.662,560,
BF10F3L,BF,10,3,L,140,9/11/2018,10/1/2018,20,140,,BF_10_140.jpg,POP ASSAYS REP 10,Amy Springer,BF_10_140.jpg,1,2.519,2.519,0.388,561,
BZ10F3L,BZ,10,3,L,140,9/11/2018,10/1/2018,20,140,,BZ_10_140.jpg,POP ASSAYS REP 10,Amy Springer,BZ_10_140.jpg,66,225.085,3.41,0.368,562,
CA10F3L,CA,10,3,L,140,9/11/2018,10/1/2018,20,140,,CA_10_140.jpg,POP ASSAYS REP 10,Amy Springer,CA_10_140.jpg,580,1776.482,3.063,1.161,563,
BF/BZ10F3L,BF/BZ,10,3,L,140,9/11/2018,10/1/2018,20,140,,BF_BZ_10_140.jpg,POP ASSAYS REP 10,Amy Springer,BF_BZ_10_140.jpg,275,754.941,2.745,0.821,564,
BF/CA10F3L,BF/CA,10,3,L,140,9/11/2018,10/1/2018,20,140,,BF_CA_10_140.jpg,POP ASSAYS REP 10,Amy Springer,BF_CA_10_140.jpg,412,1453.96,3.529,0.968,565,
BZ/CA10F3L,BZ/CA,10,3,L,140,9/11/2018,10/1/2018,20,140,,BZ_CA_10_140.jpg,POP ASSAYS REP 10,Amy Springer,BZ_CA_10_140.jpg,352,1169.976,3.324,0.887,566,
BF10F3L,BF,10,3,L,160,10/1/2018,10/21/2018,20,160,,BF_10_160.jpg,POP ASSAYS REP 10,Amy Springer,BF_10_160.jpg,0,0,NaN,0,567,
BZ10F3L,BZ,10,3,L,160,10/1/2018,10/21/2018,20,160,,BZ_10_160.jpg,POP ASSAYS REP 10,Amy Springer,BZ_10_160.jpg,42,122.262,2.911,0.583,568,
CA10F3L,CA,10,3,L,160,10/1/2018,10/21/2018,20,160,,CA_10_160.jpg,POP ASSAYS REP 10,Amy Springer,CA_10_160.jpg,216,737.745,3.415,0.986,569,
BF/BZ10F3L,BF/BZ,10,3,L,160,10/1/2018,10/21/2018,20,160,,BF_BZ_10_160.jpg,POP ASSAYS REP 10,Amy Springer,BF_BZ_10_160.jpg,139,517.883,3.726,0.555,570,
BF/CA10F3L,BF/CA,10,3,L,160,10/1/2018,10/21/2018,20,160,,BF_CA_10_160.jpg,POP ASSAYS REP 10,Amy Springer,BF_CA_10_160.jpg,130,436.065,3.354,0.729,571,
BZ/CA10F3L,BZ/CA,10,3,L,160,10/1/2018,10/21/2018,20,160,,BZ_CA_10_160.jpg,POP ASSAYS REP 10,Amy Springer,BZ_CA_10_160.jpg,115,334.701,2.91,0.658,572,
BF10F3L,BF,10,3,L,180,10/21/2018,11/11/2018,21,181,,BF_10_180.jpg,POP ASSAYS REP 10,Amy Springer,BF_10_180.jpg,2,5.23,2.615,0.337,573,
BZ10F3L,BZ,10,3,L,180,10/21/2018,11/11/2018,21,181,,BZ_10_180.jpg,POP ASSAYS REP 10,Amy Springer,BZ_10_180.jpg,89,307.489,3.455,0.859,574,
CA10F3L,CA,10,3,L,180,10/21/2018,11/11/2018,21,181,,CA_10_180.jpg,POP ASSAYS REP 10,Amy Springer,CA_10_180.jpg,720,2661.97,3.697,1.15,575,
BF/BZ10F3L,BF/BZ,10,3,L,180,10/21/2018,11/11/2018,21,181,,BF_BZ_10_180.jpg,POP ASSAYS REP 10,Amy Springer,BF_BZ_10_180.jpg,742,2988.231,4.027,1.175,576,
BF/CA10F3L,BF/CA,10,3,L,180,10/21/2018,11/11/2018,21,181,,BF_CA_10_180.jpg,POP ASSAYS REP 10,Amy Springer,BF_CA_10_180.jpg,879,3543.048,4.031,1.187,577,
BZ/CA10F3L,BZ/CA,10,3,L,180,10/21/2018,11/11/2018,21,181,,BZ_CA_10_180.jpg,POP ASSAYS REP 10,Amy Springer,BZ_CA_10_180.jpg,461,1667.349,3.617,1.14,578,
BF10F3L,BF,10,3,L,200,11/11/2018,12/1/2018,20,201,,BF_10_200.jpg,POP ASSAYS REP 10,Amy Springer,BF_10_200.jpg,1,4.475,4.475,0.287,579,
BZ10F3L,BZ,10,3,L,200,11/11/2018,12/1/2018,20,201,,BZ_10_200.jpg,POP ASSAYS REP 10,Amy Springer,BZ_10_200.jpg,96,336.555,3.506,0.624,580,
CA10F3L,CA,10,3,L,200,11/11/2018,12/1/2018,20,201,,CA_10_200.jpg,POP ASSAYS REP 10,Amy Springer,CA_10_200.jpg,788,2858.17,3.627,1.161,581,
BF/BZ10F3L,BF/BZ,10,3,L,200,11/11/2018,12/1/2018,20,201,,BF_BZ_10_200.jpg,POP ASSAYS REP 10,Amy Springer,BF_BZ_10_200.jpg,608,2151.019,3.538,1.073,582,
BF/CA10F3L,BF/CA,10,3,L,200,11/11/2018,12/1/2018,20,201,,BF_CA_10_200.jpg,POP ASSAYS REP 10,Amy Springer,BF_CA_10_200.jpg,877,2732.966,3.116,1.203,583,
BZ/CA10F3L,BZ/CA,10,3,L,200,11/11/2018,12/1/2018,20,201,,BZ_CA_10_200.jpg,POP ASSAYS REP 10,Amy Springer,BZ_CA_10_200.jpg,570,1988.486,3.489,1.183,584,
BF10F3L,BF,10,3,L,220,12/1/2018,12/20/2018,19,220,,BF_10_220.jpg,POP ASSAYS REP 10,Amy Springer,BF_10_220.jpg,2,7.664,3.832,0.115,585,
BZ10F3L,BZ,10,3,L,220,12/1/2018,12/20/2018,19,220,,BZ_10_220.jpg,POP ASSAYS REP 10,Amy Springer,BZ_10_220.jpg,66,228.987,3.47,0.668,586,
CA10F3L,CA,10,3,L,220,12/1/2018,12/20/2018,19,220,,CA_10_220.jpg,POP ASSAYS REP 10,Amy Springer,CA_10_220.jpg,291,1017.948,3.498,0.721,587,
BF/BZ10F3L,BF/BZ,10,3,L,220,12/1/2018,12/20/2018,19,220,,BF_BZ_10_220.jpg,POP ASSAYS REP 10,Amy Springer,BF_BZ_10_220.jpg,739,2535.544,3.431,0.976,588,
BF/CA10F3L,BF/CA,10,3,L,220,12/1/2018,12/20/2018,19,220,,BF_CA_10_220.jpg,POP ASSAYS REP 10,Amy Springer,BF_CA_10_220.jpg,1034,3515.73,3.4,1.04,589,
BZ/CA10F3L,BZ/CA,10,3,L,220,12/1/2018,12/20/2018,19,220,,BZ_CA_10_220.jpg,POP ASSAYS REP 10,Amy Springer,BZ_CA_10_220.jpg,272,800.733,2.944,0.683,590,
BF10F3L,BF,10,3,L,240,12/20/2018,1/9/2019,20,240,,BF_10_240.jpg,POP ASSAYS REP 10,Amy Springer,BF_10_240.jpg,3,11.601,3.867,0.455,591,
BZ10F3L,BZ,10,3,L,240,12/20/2018,1/9/2019,20,240,,BZ_10_240.jpg,POP ASSAYS REP 10,Amy Springer,BZ_10_240.jpg,90,332.74,3.697,0.449,592,
CA10F3L,CA,10,3,L,240,12/20/2018,1/9/2019,20,240,,CA_10_240.jpg,POP ASSAYS REP 10,Amy Springer,CA_10_240.jpg,894,2971.113,3.323,1.065,593,
BF/BZ10F3L,BF/BZ,10,3,L,240,12/20/2018,1/9/2019,20,240,,BF_BZ_10_240.jpg,POP ASSAYS REP 10,Amy Springer,BF_BZ_10_240.jpg,1254,3934.159,3.137,1.182,594,
BF/CA10F3L,BF/CA,10,3,L,240,12/20/2018,1/9/2019,20,240,,BF_CA_10_240.jpg,POP ASSAYS REP 10,Amy Springer,BF_CA_10_240.jpg,1520,4210.796,2.77,1.187,595,
BZ/CA10F3L,BZ/CA,10,3,L,240,12/20/2018,1/9/2019,20,240,,BZ_CA_10_240.jpg,POP ASSAYS REP 10,Amy Springer,BZ_CA_10_240.jpg,781,2427.998,3.109,0.82,596,
BF10F3L,BF,10,3,L,260,1/9/2019,1/29/2019,20,260,,BF_10_260.jpg,POP ASSAYS REP 10,Amy Springer,BF_10_260.jpg,1,2.468,2.468,0.123,597,
BZ10F3L,BZ,10,3,L,260,1/9/2019,1/29/2019,20,260,,BZ_10_260.jpg,POP ASSAYS REP 10,Amy Springer,BZ_10_260.jpg,147,472.724,3.216,0.538,598,
CA10F3L,CA,10,3,L,260,1/9/2019,1/29/2019,20,260,,CA_10_260.jpg,POP ASSAYS REP 10,Amy Springer,CA_10_260.jpg,1176,3681.427,3.13,1.149,599,
BF/BZ10F3L,BF/BZ,10,3,L,260,1/9/2019,1/29/2019,20,260,,BF_BZ_10_260.jpg,POP ASSAYS REP 10,Amy Springer,BF_BZ_10_260.jpg,1366,4228.507,3.096,1.333,600,
BF/CA10F3L,BF/CA,10,3,L,260,1/9/2019,1/29/2019,20,260,,BF_CA_10_260.jpg,POP ASSAYS REP 10,Amy Springer,BF_CA_10_260.jpg,1332,3672.309,2.757,1.17,601,
BZ/CA10F3L,BZ/CA,10,3,L,260,1/9/2019,1/29/2019,20,260,,BZ_CA_10_260.jpg,POP ASSAYS REP 10,Amy Springer,BZ_CA_10_260.jpg,1028,3332.087,3.241,1.013,602,
BF10F3L,BF,10,3,L,280,1/29/2019,2/19/2019,21,281,,BF_10_280.jpg,POP ASSAYS REP 10,Amy Springer,BF_10_280.jpg,1,3.872,3.872,0.215,603,
BZ10F3L,BZ,10,3,L,280,1/29/2019,2/19/2019,21,281,,BZ_10_280.jpg,POP ASSAYS REP 10,Amy Springer,BZ_10_280.jpg,71,245.847,3.463,0.532,604,
CA10F3L,CA,10,3,L,280,1/29/2019,2/19/2019,21,281,,CA_10_280.jpg,POP ASSAYS REP 10,Amy Springer,CA_10_280.jpg,448,1592.791,3.555,0.732,605,
BF/BZ10F3L,BF/BZ,10,3,L,280,1/29/2019,2/19/2019,21,281,,BF_BZ_10_280.jpg,POP ASSAYS REP 10,Amy Springer,BF_BZ_10_280.jpg,1546,5271.953,3.41,1.456,606,
BF/CA10F3L,BF/CA,10,3,L,280,1/29/2019,2/19/2019,21,281,,BF_CA_10_280.jpg,POP ASSAYS REP 10,Amy Springer,BF_CA_10_280.jpg,1023,3447.231,3.37,1.073,607,
BZ/CA10F3L,BZ/CA,10,3,L,280,1/29/2019,2/19/2019,21,281,,BZ_CA_10_280.jpg,POP ASSAYS REP 10,Amy Springer,BZ_CA_10_280.jpg,750,2545.248,3.394,0.796,608,
BF10F3L,BF,10,3,L,300,2/19/2019,3/11/2019,20,301,,BF_10_300.jpg,POP ASSAYS REP 10,Amy Springer,BF_10_300.jpg,3,10.854,3.618,0.228,609,
BZ10F3L,BZ,10,3,L,300,2/19/2019,3/11/2019,20,301,,BZ_10_300.jpg,POP ASSAYS REP 10,Amy Springer,BZ_10_300.jpg,216,722.656,3.346,0.666,610,
CA10F3L,CA,10,3,L,300,2/19/2019,3/11/2019,20,301,,CA_10_300.jpg,POP ASSAYS REP 10,Amy Springer,CA_10_300.jpg,600,2202.448,3.671,0.766,611,
BF/BZ10F3L,BF/BZ,10,3,L,300,2/19/2019,3/11/2019,20,301,,BF_BZ_10_300.jpg,POP ASSAYS REP 10,Amy Springer,BF_BZ_10_300.jpg,2206,6903.18,3.129,1.77,612,
BF/CA10F3L,BF/CA,10,3,L,300,2/19/2019,3/11/2019,20,301,,BF_CA_10_300.jpg,POP ASSAYS REP 10,Amy Springer,BF_CA_10_300.jpg,1253,3735.738,2.981,1.244,613,
BZ/CA10F3L,BZ/CA,10,3,L,300,2/19/2019,3/11/2019,20,301,,BZ_CA_10_300.jpg,POP ASSAYS REP 10,Amy Springer,BZ_CA_10_300.jpg,667,2181.011,3.27,0.793,614,
BF10F3L,BF,10,3,L,320,3/11/2019,4/2/2019,22,323,,BF_10_320.jpg,POP ASSAYS REP 10,Amy Springer,BF_10_320.jpg,2,6.775,3.387,0.549,615,
BZ10F3L,BZ,10,3,L,320,3/11/2019,4/2/2019,22,323,,BZ_10_320.jpg,POP ASSAYS REP 10,Amy Springer,BZ_10_320.jpg,508,1774.456,3.493,0.899,616,
CA10F3L,CA,10,3,L,320,3/11/2019,4/2/2019,22,323,,CA_10_320.jpg,POP ASSAYS REP 10,Amy Springer,CA_10_320.jpg,1386,4810.161,3.471,1.295,617,
BF10F3L,BF,10,3,L,340,4/2/2019,4/20/2019,18,341,,BF_10_340.jpg,POP ASSAYS REP 10,Amy Springer,BF_10_340.jpg,13,49.193,3.784,0.372,618,
BZ10F3L,BZ,10,3,L,340,4/2/2019,4/20/2019,18,341,,BZ_10_340.jpg,POP ASSAYS REP 10,Amy Springer,BZ_10_340.jpg,354,1266.106,3.577,0.665,619,
CA10F3L,CA,10,3,L,340,4/2/2019,4/20/2019,18,341,,CA_10_340.jpg,POP ASSAYS REP 10,Amy Springer,CA_10_340.jpg,861,2759.711,3.205,1.044,620,
BF10F3L,BF,10,3,L,360,4/20/2019,5/9/2019,19,360,,BF_10_360.jpg,POP ASSAYS REP 10,Amy Springer,BF_10_360.jpg,2,7.2,3.6,0.251,621,
BF11F3L,BF,11,3,L,60,5/14/2018,7/13/2018,60,60,,BF_11_60.jpg,POP ASSAYS REP 11,Taylor Turner,BF_11_60.jpg,6,18.245,3.041,0.764,622,
BZ11F3L,BZ,11,3,L,60,5/14/2018,7/13/2018,60,60,,BZ_11_60.jpg,POP ASSAYS REP 11,Taylor Turner,BZ_11_60.jpg,20,70.978,3.549,0.713,623,
CA11F3L,CA,11,3,L,60,5/14/2018,7/13/2018,60,60,,CA_11_60.jpg,POP ASSAYS REP 11,Taylor Turner,CA_11_60.jpg,153,573.828,3.751,1.024,624,
BF/BZ11F3L,BF/BZ,11,3,L,60,5/14/2018,7/13/2018,60,60,,BF_BZ_11_60.jpg,POP ASSAYS REP 11,Taylor Turner,BF_BZ_11_60.jpg,18,77.459,4.303,0.412,625,
BF/CA11F3L,BF/CA,11,3,L,60,5/14/2018,7/13/2018,60,60,,BF_CA_11_60.jpg,POP ASSAYS REP 11,Taylor Turner,BF_CA_11_60.jpg,31,120.991,3.903,0.761,626,
BZ/CA11F3L,BZ/CA,11,3,L,60,5/14/2018,7/13/2018,60,60,,BZ_CA_11_60.jpg,POP ASSAYS REP 11,Taylor Turner,BZ_CA_11_60.jpg,45,167.134,3.714,0.967,627,
BF11F3L,BF,11,3,L,80,7/13/2018,8/3/2018,21,81,,BF_11_80.jpg,POP ASSAYS REP 11,Amy Springer,BF_11_80.jpg,14,49.498,3.536,0.947,628,
BZ11F3L,BZ,11,3,L,80,7/13/2018,8/3/2018,21,81,,BZ_11_80.jpg,POP ASSAYS REP 11,Amy Springer,BZ_11_80.jpg,155,561.689,3.624,0.609,629,
CA11F3L,CA,11,3,L,80,7/13/2018,8/3/2018,21,81,,CA_11_80.jpg,POP ASSAYS REP 11,Amy Springer,CA_11_80.jpg,585,2092.506,3.577,0.98,630,
BF/BZ11F3L,BF/BZ,11,3,L,80,7/13/2018,8/3/2018,21,81,,BF_BZ_11_80.jpg,POP ASSAYS REP 11,Amy Springer,BF_BZ_11_80.jpg,77,320.159,4.158,0.477,631,
BF/CA11F3L,BF/CA,11,3,L,80,7/13/2018,8/3/2018,21,81,,BF_CA_11_80.jpg,POP ASSAYS REP 11,Amy Springer,BF_CA_11_80.jpg,201,750.278,3.733,0.612,632,
BZ/CA11F3L,BZ/CA,11,3,L,80,7/13/2018,8/3/2018,21,81,,BZ_CA_11_80.jpg,POP ASSAYS REP 11,Amy Springer,BZ_CA_11_80.jpg,316,1135.082,3.592,0.649,633,
BF11F3L,BF,11,3,L,100,8/3/2018,8/23/2018,20,101,,BF_11_100.jpg,POP ASSAYS REP 11,Taylor Turner,BF_11_100.jpg,0,0,NaN,0,634,
BZ11F3L,BZ,11,3,L,100,8/3/2018,8/23/2018,20,101,,BZ_11_100.jpg,POP ASSAYS REP 11,Taylor Turner,BZ_11_100.jpg,76,250.058,3.29,0.493,635,
CA11F3L,CA,11,3,L,100,8/3/2018,8/23/2018,20,101,,CA_11_100.jpg,POP ASSAYS REP 11,Taylor Turner,CA_11_100.jpg,111,375.774,3.385,0.663,636,
BF/BZ11F3L,BF/BZ,11,3,L,100,8/3/2018,8/23/2018,20,101,,BF_BZ_11_100.jpg,POP ASSAYS REP 11,Taylor Turner,BF_BZ_11_100.jpg,33,124.747,3.78,0.369,637,
BF/CA11F3L,BF/CA,11,3,L,100,8/3/2018,8/23/2018,20,101,,BF_CA_11_100.jpg,POP ASSAYS REP 11,Taylor Turner,BF_CA_11_100.jpg,54,180.585,3.344,0.628,638,
BZ/CA11F3L,BZ/CA,11,3,L,100,8/3/2018,8/23/2018,20,101,,BZ_CA_11_100.jpg,POP ASSAYS REP 11,Taylor Turner,BZ_CA_11_100.jpg,75,258.541,3.447,0.606,639,
BF11F3L,BF,11,3,L,120,8/23/2018,9/11/2018,19,120,,BF_11_120.jpg,POP ASSAYS REP 11,Amy Springer,BF_11_120.jpg,5,14.84,2.968,0.276,640,
BZ11F3L,BZ,11,3,L,120,8/23/2018,9/11/2018,19,120,,BZ_11_120.jpg,POP ASSAYS REP 11,Amy Springer,BZ_11_120.jpg,54,206.475,3.824,0.569,641,
CA11F3L,CA,11,3,L,120,8/23/2018,9/11/2018,19,120,,CA_11_120.jpg,POP ASSAYS REP 11,Amy Springer,CA_11_120.jpg,247,902.064,3.652,0.906,642,
BF/BZ11F3L,BF/BZ,11,3,L,120,8/23/2018,9/11/2018,19,120,,BF_BZ_11_120.jpg,POP ASSAYS REP 11,Amy Springer,BF_BZ_11_120.jpg,27,117.215,4.341,0.841,643,
BF/CA11F3L,BF/CA,11,3,L,120,8/23/2018,9/11/2018,19,120,,BF_CA_11_120.jpg,POP ASSAYS REP 11,Amy Springer,BF_CA_11_120.jpg,155,616.117,3.975,0.544,644,
BZ/CA11F3L,BZ/CA,11,3,L,120,8/23/2018,9/11/2018,19,120,,BZ_CA_11_120.jpg,POP ASSAYS REP 11,Amy Springer,BZ_CA_11_120.jpg,152,559.46,3.681,0.65,645,
BF11F3L,BF,11,3,L,140,9/11/2018,10/1/2018,20,140,,BF_11_140.jpg,POP ASSAYS REP 11,Amy Springer,BF_11_140.jpg,3,12.21,4.07,0.206,646,
BZ11F3L,BZ,11,3,L,140,9/11/2018,10/1/2018,20,140,,BZ_11_140.jpg,POP ASSAYS REP 11,Amy Springer,BZ_11_140.jpg,89,360.309,4.048,0.518,647,
CA11F3L,CA,11,3,L,140,9/11/2018,10/1/2018,20,140,,CA_11_140.jpg,POP ASSAYS REP 11,Amy Springer,CA_11_140.jpg,568,1826.676,3.216,1.074,648,
BF/BZ11F3L,BF/BZ,11,3,L,140,9/11/2018,10/1/2018,20,140,,BF_BZ_11_140.jpg,POP ASSAYS REP 11,Amy Springer,BF_BZ_11_140.jpg,97,368.519,3.799,0.705,649,
BF/CA11F3L,BF/CA,11,3,L,140,9/11/2018,10/1/2018,20,140,,BF_CA_11_140.jpg,POP ASSAYS REP 11,Amy Springer,BF_CA_11_140.jpg,279,1015.701,3.641,0.965,650,
BZ/CA11F3L,BZ/CA,11,3,L,140,9/11/2018,10/1/2018,20,140,,BZ_CA_11_140.jpg,POP ASSAYS REP 11,Amy Springer,BZ_CA_11_140.jpg,380,1454.213,3.827,0.804,651,
BF11F3L,BF,11,3,L,160,10/1/2018,10/21/2018,20,160,,BF_11_160.jpg,POP ASSAYS REP 11,Amy Springer,BF_11_160.jpg,1,3.746,3.746,0.169,652,
BZ11F3L,BZ,11,3,L,160,10/1/2018,10/21/2018,20,160,,BZ_11_160.jpg,POP ASSAYS REP 11,Amy Springer,BZ_11_160.jpg,27,98.366,3.643,0.568,653,
CA11F3L,CA,11,3,L,160,10/1/2018,10/21/2018,20,160,,CA_11_160.jpg,POP ASSAYS REP 11,Amy Springer,CA_11_160.jpg,149,534.337,3.586,0.663,654,
BF/BZ11F3L,BF/BZ,11,3,L,160,10/1/2018,10/21/2018,20,160,,BF_BZ_11_160.jpg,POP ASSAYS REP 11,Amy Springer,BF_BZ_11_160.jpg,20,70.073,3.504,0.554,655,
BF/CA11F3L,BF/CA,11,3,L,160,10/1/2018,10/21/2018,20,160,,BF_CA_11_160.jpg,POP ASSAYS REP 11,Amy Springer,BF_CA_11_160.jpg,113,417.271,3.693,0.676,656,
BZ/CA11F3L,BZ/CA,11,3,L,160,10/1/2018,10/21/2018,20,160,,BZ_CA_11_160.jpg,POP ASSAYS REP 11,Amy Springer,BZ_CA_11_160.jpg,85,313.127,3.684,0.568,657,
BF11F3L,BF,11,3,L,180,10/21/2018,11/11/2018,21,181,,BF_11_180.jpg,POP ASSAYS REP 11,Amy Springer,BF_11_180.jpg,2,10.128,5.064,0.313,658,
BZ11F3L,BZ,11,3,L,180,10/21/2018,11/11/2018,21,181,,BZ_11_180.jpg,POP ASSAYS REP 11,Amy Springer,BZ_11_180.jpg,103,393.365,3.819,0.644,659,
CA11F3L,CA,11,3,L,180,10/21/2018,11/11/2018,21,181,,CA_11_180.jpg,POP ASSAYS REP 11,Amy Springer,CA_11_180.jpg,719,2790.424,3.881,1.403,660,
BF/BZ11F3L,BF/BZ,11,3,L,180,10/21/2018,11/11/2018,21,181,,BF_BZ_11_180.jpg,POP ASSAYS REP 11,Amy Springer,BF_BZ_11_180.jpg,201,781.741,3.889,0.747,661,
BF/CA11F3L,BF/CA,11,3,L,180,10/21/2018,11/11/2018,21,181,,BF_CA_11_180.jpg,POP ASSAYS REP 11,Amy Springer,BF_CA_11_180.jpg,589,2205.163,3.744,1.285,662,
BZ/CA11F3L,BZ/CA,11,3,L,180,10/21/2018,11/11/2018,21,181,,BZ_CA_11_180.jpg,POP ASSAYS REP 11,Amy Springer,BZ_CA_11_180.jpg,638,2525.005,3.958,1.172,663,
BF11F3L,BF,11,3,L,200,11/11/2018,12/1/2018,20,201,,BF_11_200.jpg,POP ASSAYS REP 11,Amy Springer,BF_11_200.jpg,4,17.385,4.346,0.299,664,
BZ11F3L,BZ,11,3,L,200,11/11/2018,12/1/2018,20,201,,BZ_11_200.jpg,POP ASSAYS REP 11,Amy Springer,BZ_11_200.jpg,73,283.582,3.885,0.449,665,
CA11F3L,CA,11,3,L,200,11/11/2018,12/1/2018,20,201,,CA_11_200.jpg,POP ASSAYS REP 11,Amy Springer,CA_11_200.jpg,738,2558.414,3.467,0.946,666,
BF/BZ11F3L,BF/BZ,11,3,L,200,11/11/2018,12/1/2018,20,201,,BF_BZ_11_200.jpg,POP ASSAYS REP 11,Amy Springer,BF_BZ_11_200.jpg,240,965.851,4.024,0.662,667,
BF/CA11F3L,BF/CA,11,3,L,200,11/11/2018,12/1/2018,20,201,,BF_CA_11_200.jpg,POP ASSAYS REP 11,Amy Springer,BF_CA_11_200.jpg,646,2216.453,3.431,1.088,668,
BZ/CA11F3L,BZ/CA,11,3,L,200,11/11/2018,12/1/2018,20,201,,BZ_CA_11_200.jpg,POP ASSAYS REP 11,Amy Springer,BZ_CA_11_200.jpg,659,2341.147,3.553,0.781,669,
BF11F3L,BF,11,3,L,220,12/1/2018,12/20/2018,19,220,,BF_11_220.jpg,POP ASSAYS REP 11,Amy Springer,BF_11_220.jpg,2,6.927,3.463,0.48,670,
BZ11F3L,BZ,11,3,L,220,12/1/2018,12/20/2018,19,220,,BZ_11_220.jpg,POP ASSAYS REP 11,Amy Springer,BZ_11_220.jpg,62,243.885,3.934,0.82,671,
CA11F3L,CA,11,3,L,220,12/1/2018,12/20/2018,19,220,,CA_11_220.jpg,POP ASSAYS REP 11,Amy Springer,CA_11_220.jpg,368,1261.02,3.427,0.78,672,
BF/BZ11F3L,BF/BZ,11,3,L,220,12/1/2018,12/20/2018,19,220,,BF_BZ_11_220.jpg,POP ASSAYS REP 11,Amy Springer,BF_BZ_11_220.jpg,230,793.738,3.451,0.837,673,
BF/CA11F3L,BF/CA,11,3,L,220,12/1/2018,12/20/2018,19,220,,BF_CA_11_220.jpg,POP ASSAYS REP 11,Amy Springer,BF_CA_11_220.jpg,735,2462.283,3.35,1.013,674,
BZ/CA11F3L,BZ/CA,11,3,L,220,12/1/2018,12/20/2018,19,220,,BZ_CA_11_220.jpg,POP ASSAYS REP 11,Amy Springer,BZ_CA_11_220.jpg,428,1490.688,3.483,0.912,675,
BF11F3L,BF,11,3,L,240,12/20/2018,1/9/2019,20,240,,BF_11_240.jpg,POP ASSAYS REP 11,Amy Springer,BF_11_240.jpg,2,7.905,3.953,0.811,676,
BZ11F3L,BZ,11,3,L,240,12/20/2018,1/9/2019,20,240,,BZ_11_240.jpg,POP ASSAYS REP 11,Amy Springer,BZ_11_240.jpg,148,561.482,3.794,0.498,677,
CA11F3L,CA,11,3,L,240,12/20/2018,1/9/2019,20,240,,CA_11_240.jpg,POP ASSAYS REP 11,Amy Springer,CA_11_240.jpg,815,2699.192,3.312,0.991,678,
BF/BZ11F3L,BF/BZ,11,3,L,240,12/20/2018,1/9/2019,20,240,,BF_BZ_11_240.jpg,POP ASSAYS REP 11,Amy Springer,BF_BZ_11_240.jpg,588,2063.263,3.509,1.352,679,
BF/CA11F3L,BF/CA,11,3,L,240,12/20/2018,1/9/2019,20,240,,BF_CA_11_240.jpg,POP ASSAYS REP 11,Amy Springer,BF_CA_11_240.jpg,1488,4962.28,3.335,1.619,680,
BZ/CA11F3L,BZ/CA,11,3,L,240,12/20/2018,1/9/2019,20,240,,BZ_CA_11_240.jpg,POP ASSAYS REP 11,Amy Springer,BZ_CA_11_240.jpg,1111,3628.015,3.266,1.548,681,
BF11F3L,BF,11,3,L,260,1/9/2019,1/29/2019,20,260,,BF_11_260.jpg,POP ASSAYS REP 11,Amy Springer,BF_11_260.jpg,0,0,NaN,0,682,
BZ11F3L,BZ,11,3,L,260,1/9/2019,1/29/2019,20,260,,BZ_11_260.jpg,POP ASSAYS REP 11,Amy Springer,BZ_11_260.jpg,147,512.857,3.489,0.681,683,
CA11F3L,CA,11,3,L,260,1/9/2019,1/29/2019,20,260,,CA_11_260.jpg,POP ASSAYS REP 11,Amy Springer,CA_11_260.jpg,862,2811.985,3.262,1.109,684,
BF/BZ11F3L,BF/BZ,11,3,L,260,1/9/2019,1/29/2019,20,260,,BF_BZ_11_260.jpg,POP ASSAYS REP 11,Amy Springer,BF_BZ_11_260.jpg,518,1627.307,3.142,0.969,685,
BF/CA11F3L,BF/CA,11,3,L,260,1/9/2019,1/29/2019,20,260,,BF_CA_11_260.jpg,POP ASSAYS REP 11,Amy Springer,BF_CA_11_260.jpg,1124,3678.443,3.273,1.269,686,
BZ/CA11F3L,BZ/CA,11,3,L,260,1/9/2019,1/29/2019,20,260,,BZ_CA_11_260.jpg,POP ASSAYS REP 11,Amy Springer,BZ_CA_11_260.jpg,1091,3437.021,3.15,1.201,687,
BF11F3L,BF,11,3,L,280,1/29/2019,2/19/2019,21,281,,BF_11_280.jpg,POP ASSAYS REP 11,Amy Springer,BF_11_280.jpg,0,0,NaN,0,688,
BZ11F3L,BZ,11,3,L,280,1/29/2019,2/19/2019,21,281,,BZ_11_280.jpg,POP ASSAYS REP 11,Amy Springer,BZ_11_280.jpg,131,484.65,3.7,0.721,689,
CA11F3L,CA,11,3,L,280,1/29/2019,2/19/2019,21,281,,CA_11_280.jpg,POP ASSAYS REP 11,Amy Springer,CA_11_280.jpg,384,1207.634,3.145,1.008,690,
BF/BZ11F3L,BF/BZ,11,3,L,280,1/29/2019,2/19/2019,21,281,,BF_BZ_11_280.jpg,POP ASSAYS REP 11,Amy Springer,BF_BZ_11_280.jpg,563,1974.488,3.507,0.96,691,
BF/CA11F3L,BF/CA,11,3,L,280,1/29/2019,2/19/2019,21,281,,BF_CA_11_280.jpg,POP ASSAYS REP 11,Amy Springer,BF_CA_11_280.jpg,1240,4456.363,3.594,1.284,692,
BZ/CA11F3L,BZ/CA,11,3,L,280,1/29/2019,2/19/2019,21,281,,BZ_CA_11_280.jpg,POP ASSAYS REP 11,Amy Springer,BZ_CA_11_280.jpg,678,2238.137,3.301,0.837,693,
BF11F3L,BF,11,3,L,300,2/19/2019,3/11/2019,20,301,,BF_11_300.jpg,POP ASSAYS REP 11,Amy Springer,BF_11_300.jpg,0,0,NaN,0,694,
BZ11F3L,BZ,11,3,L,300,2/19/2019,3/11/2019,20,301,,BZ_11_300.jpg,POP ASSAYS REP 11,Amy Springer,BZ_11_300.jpg,217,919.438,4.237,0.588,695,
CA11F3L,CA,11,3,L,300,2/19/2019,3/11/2019,20,301,,CA_11_300.jpg,POP ASSAYS REP 11,Amy Springer,CA_11_300.jpg,341,1141.538,3.348,0.875,696,
BF/BZ11F3L,BF/BZ,11,3,L,300,2/19/2019,3/11/2019,20,301,,BF_BZ_11_300.jpg,POP ASSAYS REP 11,Amy Springer,BF_BZ_11_300.jpg,697,2399.156,3.442,1.123,697,
BF/CA11F3L,BF/CA,11,3,L,300,2/19/2019,3/11/2019,20,301,,BF_CA_11_300.jpg,POP ASSAYS REP 11,Amy Springer,BF_CA_11_300.jpg,990,3300.943,3.334,1.209,698,
BZ/CA11F3L,BZ/CA,11,3,L,300,2/19/2019,3/11/2019,20,301,,BZ_CA_11_300.jpg,POP ASSAYS REP 11,Amy Springer,BZ_CA_11_300.jpg,493,1677.67,3.403,0.926,699,
BF11F3L,BF,11,3,L,320,3/11/2019,4/2/2019,22,323,,BF_11_320.jpg,POP ASSAYS REP 11,Amy Springer,BF_11_320.jpg,0,0,NaN,0,700,
BZ11F3L,BZ,11,3,L,320,3/11/2019,4/2/2019,22,323,,BZ_11_320.jpg,POP ASSAYS REP 11,Amy Springer,BZ_11_320.jpg,551,2063.746,3.745,1.045,701,
CA11F3L,CA,11,3,L,320,3/11/2019,4/2/2019,22,323,,CA_11_320.jpg,POP ASSAYS REP 11,Amy Springer,CA_11_320.jpg,1109,3731.087,3.364,1.461,702,
BF/BZ11F3L,BF/BZ,11,3,L,320,3/11/2019,4/2/2019,22,323,,BF_BZ_11_320.jpg,POP ASSAYS REP 11,Amy Springer,BF_BZ_11_320.jpg,2122,6769.54,3.19,1.946,703,
BF11F3L,BF,11,3,L,340,4/2/2019,4/20/2019,18,341,,BF_11_340.jpg,POP ASSAYS REP 11,Amy Springer,BF_11_340.jpg,3,15.157,5.052,0.447,704,
BZ11F3L,BZ,11,3,L,340,4/2/2019,4/20/2019,18,341,,BZ_11_340.jpg,POP ASSAYS REP 11,Amy Springer,BZ_11_340.jpg,803,3046.549,3.794,1.133,705,
CA11F3L,CA,11,3,L,340,4/2/2019,4/20/2019,18,341,,CA_11_340.jpg,POP ASSAYS REP 11,Amy Springer,CA_11_340.jpg,745,2532.275,3.399,0.951,706,
BF11F3L,BF,11,3,L,360,4/20/2019,5/9/2019,19,360,,BF_11_360.jpg,POP ASSAYS REP 11,Amy Springer,BF_11_360.jpg,2,7.003,3.501,0.19,707,